app_name,app_id,category,review_id,username,rating,title,text,thumbs_up_count,review_created_version,at,reply_content,reply_at
com.zerodha.kite,com.zerodha.kite,Finance,b87f3162-c78f-4205-9333-6419b04492ca,Ranjit yadav,4,,good,0,2.1.19,2025-08-14T11:11:01,,
com.zerodha.kite,com.zerodha.kite,Finance,568b791f-b7e5-4891-ad9f-f4cac9fbd66f,Debnath Mukherjee,5,,Very good,0,,2024-01-17T22:16:57,,
com.zerodha.kite,com.zerodha.kite,Finance,ec598712-3089-4063-8f1b-235c4a905796,Krishna Chaitanya,5,,It's updated very well now a days.,0,2.1.13,2023-05-18T23:03:45,,
com.zerodha.kite,com.zerodha.kite,Finance,2cbab626-a4e3-4f19-b3ed-c111c713321d,vijay sagitala,4,,Very simple interfaces to use...,0,,2022-10-30T20:34:43,,
com.zerodha.kite,com.zerodha.kite,Finance,ef7bc975-e384-44ea-87c1-8ae605ddd237,Rajashekarappa M B,3,,Good,0,,2022-03-07T23:32:58,,
com.zerodha.kite,com.zerodha.kite,Finance,c6f16220-a085-4c1d-ad8b-a465c6e71c1e,Kalicharan,5,,Good app,0,,2022-03-03T00:24:12,,
com.zerodha.kite,com.zerodha.kite,Finance,64db22fd-d328-47ea-922e-6c0db43b4636,Rushabh Mandaviya,5,,Very nice 👌,0,,2022-02-25T01:29:27,,
com.zerodha.kite,com.zerodha.kite,Finance,024577e4-c503-42db-b4f7-5aa15fb97ead,Naresh Alle,5,,Good,0,2.1.13,2022-02-17T19:10:38,,
com.zerodha.kite,com.zerodha.kite,Finance,ba3f917a-d3cd-46ca-b4f7-49ae30686259,mithun N,5,,One of the best apps in financial services app. Truely fintech app.,0,2.1.15,2021-11-04T12:35:17,,
com.zerodha.kite,com.zerodha.kite,Finance,5fe598be-b6ef-4123-9c46-a61069d27858,Veshnavi Ukg,1,,This versions not working now. I suggest to you please delete this from play store.,0,2.1.12,2021-10-04T16:16:33,,
com.zerodha.kite,com.zerodha.kite,Finance,4c32eb14-72ae-46c4-8e6d-9c16cebebb37,Surajit Ghara,4,,Nice,0,,2021-07-18T08:09:42,,
com.zerodha.kite,com.zerodha.kite,Finance,35983a90-69bc-4044-8033-743053a9342a,Nikhil Patel,5,,Great application.. Must buy,0,2.1.15,2021-07-05T17:42:48,"Hey Nikhil, could you please create a ticket so we can assist you.
https://support.zerodha.com",2019-03-19T18:19:57
com.zerodha.kite,com.zerodha.kite,Finance,0afa9a97-b780-4cfc-ac5a-af68fa8c9f09,sorabh kumar,5,,Excellent charting pattern in this app. Liked it a lot,0,2.1.9,2021-04-24T19:12:55,,
com.zerodha.kite,com.zerodha.kite,Finance,72a97142-08ca-4332-9ee3-b9d16cc88028,Sahab Mandi,4,,Good,0,,2021-04-12T16:38:55,,
com.zerodha.kite,com.zerodha.kite,Finance,12dff248-4fc7-405e-bc9a-e540e9cf73d4,navnath bapu kalel,4,,Best,0,,2021-04-06T15:56:27,,
com.zerodha.kite,com.zerodha.kite,Finance,9a165366-2e84-4cf0-aa22-e2b6961ee3a1,Manoj Kumar,4,,Very nice!,0,,2021-02-21T08:12:27,,
com.zerodha.kite,com.zerodha.kite,Finance,4051da47-b342-4380-a208-4202d12b492f,Nilesh Patil,4,,Good,0,2.1.3,2021-01-16T23:36:04,,
com.zerodha.kite,com.zerodha.kite,Finance,4d519fa7-f9a7-4ac6-8d58-f5c95449d399,Darshit Patel,5,,👌👌,0,2.1.17,2020-11-23T17:46:19,,
com.zerodha.kite,com.zerodha.kite,Finance,d8df1306-fdf7-4158-ba40-bfe6bd2c89b6,VIJAY LALLA,5,,Excellent app.,0,2.1.15,2020-10-18T22:58:24,,
com.zerodha.kite,com.zerodha.kite,Finance,dd9909ae-e803-4cde-bbdd-13de727fbf4e,amit rai,5,,Good,0,2.1.19,2020-09-07T23:18:34,,
com.zerodha.kite,com.zerodha.kite,Finance,3efae837-b511-4975-bb61-012652553acc,PRABHAT AWASTHI,4,,Badhiya rha,0,,2020-09-04T20:48:24,,
com.zerodha.kite,com.zerodha.kite,Finance,a826ee88-ce20-45a8-a886-370604508097,Brajesh Kant Choudhary,5,,Good,0,,2020-08-29T11:40:17,,
com.zerodha.kite,com.zerodha.kite,Finance,09fa9d26-a72a-4278-8ab1-3caf64120833,Bhupandra Sharma,5,,jai shri ram😃,0,,2020-07-22T20:23:37,,
com.zerodha.kite,com.zerodha.kite,Finance,2cfc74a2-a790-49ac-934a-a0059bf49b1d,RK Instruments And Controls,1,,Zerodha.....means zero...if not for sure they will make 100% ZERO. Ultimately sasta (cheap) roye barbar aur mehnga roye ek bar.,0,2.1.15,2020-07-17T04:18:54,,
com.zerodha.kite,com.zerodha.kite,Finance,7e6d4715-6f77-4f20-ba0c-8da1581f6e3b,Prakash Chandra lohani,1,,Ghatiya application,0,,2020-07-12T20:43:19,,
com.zerodha.kite,com.zerodha.kite,Finance,74d50f03-4d95-4edd-a473-09125294958d,Vivek Singh,5,,Perfect,0,2.1.15,2020-07-11T18:22:49,,
com.zerodha.kite,com.zerodha.kite,Finance,ef566763-9860-456d-ac38-7a940a166b14,Narayana,4,,Good one,0,1.9.26,2020-07-07T11:49:24,,
com.zerodha.kite,com.zerodha.kite,Finance,5f18a0c3-bd55-4616-aacd-e78c1faa7fda,Lalitkumar Maheshwari,1,,not good application,0,,2020-06-28T22:54:29,,
com.zerodha.kite,com.zerodha.kite,Finance,448862d0-16b7-43e7-812a-2ea962d65bf7,ramesha g,4,,Good,0,2.1.19,2020-06-27T08:18:40,,
com.zerodha.kite,com.zerodha.kite,Finance,ef8a8fbe-52ae-44de-82bc-9b7fcf3e6646,Rajeev Reddy,5,,Good but very slow,0,2.1.15,2020-06-14T20:26:35,,
com.zerodha.kite,com.zerodha.kite,Finance,488d3b5a-659d-442d-8c81-9fbeb4d73a5f,Rajesh Prabhu,4,,Change the words CNC and MIS as delivery and Intraday respectively.,0,,2020-06-06T21:50:12,,
com.zerodha.kite,com.zerodha.kite,Finance,7b05bc0d-82a1-4ffc-81c9-6f3cbebd5484,neo lal,5,,Good,0,2.1.15,2020-06-04T00:17:51,,
com.zerodha.kite,com.zerodha.kite,Finance,a583580f-9128-4e5c-a7e0-e45a99f44786,sunil singh,1,,Worst app & worst services by zerodha,0,,2020-06-02T22:31:43,,
com.zerodha.kite,com.zerodha.kite,Finance,5958bd9a-7b3f-4a26-a518-45618f9e9f70,Bikash Rawani,4,,I am very happy by using online trade market from this zerodha application,0,,2020-05-29T13:49:13,,
com.zerodha.kite,com.zerodha.kite,Finance,67cc6ff6-12a3-4e6b-a8b7-63e38cd05586,Kalpesh Prajapati,4,,Good,0,2.1.19,2020-05-28T20:22:43,,
com.zerodha.kite,com.zerodha.kite,Finance,8798e9e0-3004-4ef7-a1f5-3bf04b727920,Jitmani “Jeet” Suyal,4,,👍,0,2.1.9,2020-05-27T17:07:17,,
com.zerodha.kite,com.zerodha.kite,Finance,ab3131b3-55d7-4049-b1fe-134c29ea805e,Sadhak Mandal,5,,User friendly,0,2.1.11,2020-05-17T21:53:11,,
com.zerodha.kite,com.zerodha.kite,Finance,4b20311d-008b-49ec-af6a-7096f40e0d9f,Narendra Sabar,5,,Good,0,2.1.3,2020-05-13T08:03:36,,
com.zerodha.kite,com.zerodha.kite,Finance,e220e4cf-2a0c-4286-9076-053e3c0f278e,Shivendra kumar Bharti,5,,Great,0,2.1.15,2020-05-07T15:43:32,,
com.zerodha.kite,com.zerodha.kite,Finance,de4b6f38-bd96-4cd4-9c43-d77d0bba6463,ASHOK KUMAR,5,,very good app,0,2.1.15,2020-05-06T14:01:37,,
com.zerodha.kite,com.zerodha.kite,Finance,7cc44f9b-fa3e-49b9-9b47-4e03ec58ebdf,Jaideep Tiwari,5,,Nice,0,,2020-04-28T23:24:20,,
com.zerodha.kite,com.zerodha.kite,Finance,fa03ad21-a0e0-4ca1-976a-59d394709e3a,A Google user,3,,good,0,1.9.28,2020-04-23T10:15:28,,
com.zerodha.kite,com.zerodha.kite,Finance,faf7aa42-dea6-43a7-b1bc-7d3db319aa57,A Google user,5,,It is nice to use this application. But it is best when we see profit in our account,0,2.1.19,2020-04-19T11:28:08,,
com.zerodha.kite,com.zerodha.kite,Finance,5747289f-dda0-4340-bee1-8fbe7a979a0b,A Google user,5,,VERY NICE APP I LIKE THIS APP VERY MUCH THANKFUL TO KITE,0,,2020-04-18T20:41:37,,
com.zerodha.kite,com.zerodha.kite,Finance,25bea175-bff3-42a9-8e8a-56308260ac4b,A Google user,5,,Simply super,0,2.1.19,2020-04-17T00:06:52,,
com.zerodha.kite,com.zerodha.kite,Finance,65ec83aa-62b9-4f51-94ea-1eeb13095c91,A Google user,5,,Good,0,,2020-04-16T07:10:42,,
com.zerodha.kite,com.zerodha.kite,Finance,7a23fae0-e109-4828-aef3-eb579af2eb15,A Google user,5,,Kite old is far better than the new kite. Friendly interface easy to use. Side bar is extremely helpful than than the bottom. We are forced to use new app. Zerodha should allow both apps to use.,6,2.1.16,2020-04-02T18:24:55,,
com.zerodha.kite,com.zerodha.kite,Finance,b5d83fc6-0d21-4cf8-94f3-7792ef1bf06f,A Google user,5,,nice,0,2.1.15,2020-04-02T01:26:20,,
com.zerodha.kite,com.zerodha.kite,Finance,23fee914-61fd-46e9-865e-c5da12cc5119,A Google user,5,,Nice,0,,2020-03-30T12:52:00,,
com.zerodha.kite,com.zerodha.kite,Finance,e4254a04-1469-4f05-9b93-31a9c8776bc0,A Google user,5,,Good,0,2.1.15,2020-03-28T15:00:05,,
com.zerodha.kite,com.zerodha.kite,Finance,da2c7b64-81e0-4e56-9585-4166b021a121,A Google user,3,,Very Good apps for trading,0,,2020-03-27T20:19:13,,
com.zerodha.kite,com.zerodha.kite,Finance,fb9082e4-602c-4d27-85a7-79d45f47422d,A Google user,5,,Good,0,2.1.15,2020-03-23T17:50:36,,
com.zerodha.kite,com.zerodha.kite,Finance,d64819d9-bdc8-49b6-a7a0-e1a2c2dbfbf0,A Google user,5,,Good,0,2.1.15,2020-03-19T12:58:13,,
com.zerodha.kite,com.zerodha.kite,Finance,7a65c1ea-b290-4209-b7cb-c0360ae94d05,A Google user,5,,Best,0,,2020-03-14T09:12:49,,
com.zerodha.kite,com.zerodha.kite,Finance,a48cbb2e-12bc-4598-841e-3aa20be5bf7d,A Google user,4,,Good,0,2.1.15,2020-03-12T09:14:53,,
com.zerodha.kite,com.zerodha.kite,Finance,1650e693-df0f-4489-9c92-327dc55fc9e5,A Google user,5,,"Nic and very smooth, but only one problems order quantity 30000. 1st",0,2.1.17,2020-03-11T08:39:58,,
com.zerodha.kite,com.zerodha.kite,Finance,e4e6c68e-5b7e-4faa-8a21-3944f97d04ff,A Google user,4,,2month,0,2.1.15,2020-03-08T10:59:25,,
com.zerodha.kite,com.zerodha.kite,Finance,74e2a676-e5b4-4263-9752-067943cc19dd,A Google user,5,,very nice,0,2.1.15,2020-03-07T19:11:52,,
com.zerodha.kite,com.zerodha.kite,Finance,5186bc06-db35-41d5-a19f-30d83edf90a2,A Google user,4,,Egg,0,2.1.15,2020-02-28T00:32:08,,
com.zerodha.kite,com.zerodha.kite,Finance,c74e7d2a-e5ca-4ffd-9226-01769f45c9a8,A Google user,5,,supeb,0,2.1.15,2020-02-24T16:33:49,,
com.zerodha.kite,com.zerodha.kite,Finance,5f685945-02d8-4ee7-b0d4-c8a73c7822e3,A Google user,5,,Good app,0,2.1.15,2020-02-24T09:48:37,,
com.zerodha.kite,com.zerodha.kite,Finance,b64e7bb1-0403-4f85-8742-b967f89a137b,A Google user,4,,Good,0,2.1.15,2020-02-19T00:49:33,,
com.zerodha.kite,com.zerodha.kite,Finance,a1187f8d-7606-43ad-8e0f-6fa9f4e6e62d,A Google user,5,,Excellent,0,2.1.15,2020-02-18T14:52:05,,
com.zerodha.kite,com.zerodha.kite,Finance,c9de397e-9857-41e3-8d41-038162924909,A Google user,3,,Good,0,2.1.15,2020-02-05T14:39:29,,
com.zerodha.kite,com.zerodha.kite,Finance,fd04e2f9-05d0-42d2-b993-a433ef63e445,A Google user,5,,Very good...,0,,2020-02-04T19:56:38,,
com.zerodha.kite,com.zerodha.kite,Finance,6efc3567-76f1-4370-bfd8-1e7ca35dbe2b,A Google user,5,,good,0,2.1.15,2020-01-31T10:44:38,,
com.zerodha.kite,com.zerodha.kite,Finance,191e5b5f-351b-4528-b97b-1cf9079c1205,A Google user,3,,Many option block ther choice base Poor customer service,0,,2020-01-22T21:06:10,"Hey Renjith, these options are blocked due to exchange OI restrictions. We have explained this in more detail here: https://support.zerodha.com/category/trading-and-markets/kite-web-and-mobile/articles/why-did-my-bank-nifty-option-order-get-rejected",2020-05-19T03:48:01
com.zerodha.kite,com.zerodha.kite,Finance,cfd08230-3120-494e-8fa6-7e7b72ed4721,A Google user,4,,Please add change of oi% in fo stocks in market watch,0,2.1.19,2020-01-21T15:31:00,,
com.zerodha.kite,com.zerodha.kite,Finance,5302aff5-32b9-4dd7-9a36-a6fd4041890a,A Google user,1,,Very bad Adding money very dificult for baroda bank users,0,2.1.19,2020-01-21T12:35:45,"Hey Skhilesh, Bank of Baroda doesn't support the direct payment gateway transfers. Please use the UPI option, it's quite easy.",2020-05-19T03:48:50
com.zerodha.kite,com.zerodha.kite,Finance,66f7bfd2-55ed-4272-891b-6dd9a614c604,A Google user,4,,Issue regarding the market watch..Its not working.. Only charts are working. Update: Yes most of the bugs are fixed. ONe of the best Trading Apps on the market.,2,2.1.7,2020-01-19T18:46:26,Hi Varun. We've released an update to fix the issue. Please update Kite on your phone.,2016-05-23T14:14:37
com.zerodha.kite,com.zerodha.kite,Finance,8b009346-855a-4ef4-9906-8b980b5e76fa,A Google user,5,,Good,0,2.1.15,2020-01-17T09:29:47,,
com.zerodha.kite,com.zerodha.kite,Finance,ab93cd3c-6f3d-4bd8-afbe-22c0b0269c8a,A Google user,5,,Good,0,2.1.15,2020-01-14T13:05:19,,
com.zerodha.kite,com.zerodha.kite,Finance,0034e53f-86cc-41de-a787-2521f5aaba5b,A Google user,5,,Good,0,,2020-01-02T23:43:49,,
com.zerodha.kite,com.zerodha.kite,Finance,0992a90e-8d6d-41c6-b5b1-1cd4d3982a9f,A Google user,5,,Good,0,2.1.19,2019-12-31T12:43:12,,
com.zerodha.kite,com.zerodha.kite,Finance,489179ff-ee18-428a-8ebb-a50ee2b54318,A Google user,5,,Is app mein position mein main jo profit and loss dikhate Hain vahan per Jo rate Ek line Aati Hai hi use Line ke vajah se profit and loss Nahin Dikhta to please yah line hatega Red Line,0,,2019-12-29T19:38:58,,
com.zerodha.kite,com.zerodha.kite,Finance,9f5c4d95-a82d-4fe3-9b90-5892caf05580,A Google user,5,,Ok,0,2.1.16,2019-12-26T11:53:46,,
com.zerodha.kite,com.zerodha.kite,Finance,4ee40ac4-3ca2-4831-ad06-73866d396341,A Google user,2,,Okok,0,2.1.15,2019-12-24T15:47:54,,
com.zerodha.kite,com.zerodha.kite,Finance,ef83ed06-02d7-4a30-9fff-67037c7761ee,A Google user,5,,Good,0,2.1.17,2019-12-19T14:38:50,,
com.zerodha.kite,com.zerodha.kite,Finance,2298fbdf-5d2c-4abe-9077-018f3ce964ca,A Google user,5,,Good,0,2.1.18,2019-12-19T06:51:13,,
com.zerodha.kite,com.zerodha.kite,Finance,07403f92-8dd4-416f-80ca-641f569dbbc1,A Google user,5,,This version is very user friendly,0,2.1.18,2019-12-18T15:13:56,,
com.zerodha.kite,com.zerodha.kite,Finance,2f313d1a-1ffb-400d-8ac9-f96906d18755,A Google user,5,,Good,0,2.1.17,2019-12-18T10:52:13,,
com.zerodha.kite,com.zerodha.kite,Finance,1c798a02-0478-40d4-97af-1abba8b43d29,A Google user,5,,This is the best rather than new version,0,2.1.19,2019-12-15T20:35:27,,
com.zerodha.kite,com.zerodha.kite,Finance,8c5f63e6-fe1e-4e4e-9ce9-4bfc0740a936,A Google user,5,,Good,0,2.1.17,2019-12-12T16:27:25,,
com.zerodha.kite,com.zerodha.kite,Finance,904f4ced-6698-4e21-97fe-143deb10a044,A Google user,5,,Very good application,0,2.1.17,2019-12-11T08:36:31,,
com.zerodha.kite,com.zerodha.kite,Finance,c20b9d61-d013-4d95-8c59-22991bc67b22,A Google user,5,,Nice app,0,2.1.18,2019-12-10T19:10:44,,
com.zerodha.kite,com.zerodha.kite,Finance,6f237ce9-167c-49b3-a207-bb4b9e61b8c5,A Google user,5,,Best app,0,2.1.17,2019-12-09T14:21:06,,
com.zerodha.kite,com.zerodha.kite,Finance,fb8cc721-7020-4c52-b7fd-e1a3f4221fe6,A Google user,4,,Good,0,2.1.15,2019-12-08T23:58:25,,
com.zerodha.kite,com.zerodha.kite,Finance,5f72eac5-99ed-4f4c-bc26-99c6f326cd03,A Google user,1,,Daily unauthorized charges they apply and every second month fund balance showss negative amount...inspite of not using the app,0,2.1.19,2019-12-08T20:47:14,We regret the inconvenience you had to face. For better assistance please share your information with https://support.zerodha.com. We will be happy to assist you.,2020-05-19T03:49:18
com.zerodha.kite,com.zerodha.kite,Finance,a2bcfdc8-662f-4a54-a38c-ce2cd3b0d2cf,A Google user,5,,Fast,0,2.1.17,2019-12-08T08:45:08,,
com.zerodha.kite,com.zerodha.kite,Finance,c092d3b1-743d-4a63-8adf-c359ef7bf5c0,A Google user,5,,Easy to bye sell,0,2.1.19,2019-12-01T20:10:24,,
com.zerodha.kite,com.zerodha.kite,Finance,5bb900ae-6174-4029-bf8c-a05a016acc62,A Google user,5,,good,0,2.1.19,2019-12-01T15:46:43,,
com.zerodha.kite,com.zerodha.kite,Finance,9492b216-85fa-4809-87c1-5d3a95e68e76,A Google user,4,,Nice,0,2.1.17,2019-11-29T19:17:40,,
com.zerodha.kite,com.zerodha.kite,Finance,f0d9f7f7-d583-4759-bb5c-1cdbda85b7c4,A Google user,4,,No commm,0,2.1.13,2019-11-29T14:41:34,,
com.zerodha.kite,com.zerodha.kite,Finance,d1975f08-8c4a-40e4-8e00-d5404cd44ce0,A Google user,5,,Very good,0,2.1.15,2019-11-28T11:00:28,,
com.zerodha.kite,com.zerodha.kite,Finance,920434cc-560d-4edd-b380-ca76801b0c06,A Google user,5,,Better than latest,0,2.1.14,2019-11-28T08:51:09,,
com.zerodha.kite,com.zerodha.kite,Finance,96b4ca4f-1429-4c3f-9d61-0b5ebb8f13af,A Google user,1,,Ok,0,2.1.15,2019-11-25T09:02:19,,
com.zerodha.kite,com.zerodha.kite,Finance,dc62c919-3276-4088-b324-552af880b330,A Google user,5,,Good,0,2.1.15,2019-11-24T12:33:10,,
com.zerodha.kite,com.zerodha.kite,Finance,a04be7d1-ba52-441b-b01d-e664928e0304,A Google user,5,,Good app,0,2.1.17,2019-11-23T12:51:30,,
com.zerodha.kite,com.zerodha.kite,Finance,6c93a91d-affb-4942-882a-efbc3d1b6428,A Google user,5,,Good,0,2.0.5,2019-11-23T08:27:01,,
com.zerodha.kite,com.zerodha.kite,Finance,abc222f4-f1e7-4477-94c6-63140c5284b8,A Google user,5,,Good App,0,2.1.17,2019-11-23T00:10:13,,
com.zerodha.kite,com.zerodha.kite,Finance,588010af-eee5-4c23-b23b-da38c829f29d,A Google user,5,,Ummmy,0,,2019-11-22T19:06:52,,
com.zerodha.kite,com.zerodha.kite,Finance,68ac241f-5a25-4e53-bd91-842346ce9795,A Google user,5,,Excellent app,0,2.1.15,2019-11-21T20:52:12,,
com.zerodha.kite,com.zerodha.kite,Finance,7d7bae9b-d414-4b69-ae60-ae3c9e207015,A Google user,5,,Good,0,2.1.3,2019-11-21T10:40:30,,
com.zerodha.kite,com.zerodha.kite,Finance,41a7e118-7658-4edf-a395-2bb805f1f1ec,A Google user,5,,Better,0,2.1.18,2019-11-21T10:06:45,,
com.zerodha.kite,com.zerodha.kite,Finance,3e0a4f5a-406f-4e37-978e-af22b67b1c60,A Google user,4,,Good,0,2.1.15,2019-11-20T20:03:31,,
com.zerodha.kite,com.zerodha.kite,Finance,278395c2-6a09-45a7-828c-a66aad8851a6,A Google user,5,,Let me experience first,0,2.1.19,2019-11-20T14:07:49,,
com.zerodha.kite,com.zerodha.kite,Finance,225145b2-9d2e-4743-ac83-addecfe2f02c,A Google user,5,,Good,0,1.9.31,2019-11-20T13:40:44,,
com.zerodha.kite,com.zerodha.kite,Finance,8990dfdc-3436-4d22-a9c1-358e1c6ee9f1,A Google user,5,,Good,0,2.1.19,2019-11-20T09:37:47,,
com.zerodha.kite,com.zerodha.kite,Finance,4d31b911-85df-4025-b0f1-a51489e2a931,A Google user,3,,I found very simple trading platform and pocket friendly brokerage plan.,0,2.1.19,2019-11-19T21:55:11,,
com.zerodha.kite,com.zerodha.kite,Finance,198e9fad-f7a9-49d9-ae6c-58ba7b1ed7bd,A Google user,5,,great,0,2.1.18,2019-11-19T14:56:17,,
com.zerodha.kite,com.zerodha.kite,Finance,3b2ab216-3e5c-4184-a100-cae1119fe816,A Google user,4,,Easy to use app,0,2.1.17,2019-11-18T15:25:20,,
com.zerodha.kite,com.zerodha.kite,Finance,77872db1-ea3c-4f75-b98c-13bda121cd3e,A Google user,4,,Unbeatable,0,2.1.16,2019-11-17T19:34:50,,
com.zerodha.kite,com.zerodha.kite,Finance,31fbd872-7397-4650-bd68-bbdf65cb6d0f,A Google user,4,,osm,0,2.1.17,2019-11-16T21:13:51,,
com.zerodha.kite,com.zerodha.kite,Finance,f6c0ed3e-abb2-4ccd-97b3-98a1bc128023,A Google user,5,,Very Nice App,0,2.1.19,2019-11-16T19:39:19,,
com.zerodha.kite,com.zerodha.kite,Finance,38faac05-929e-4d94-b451-a7f25d3669d7,A Google user,5,,Good,0,2.1.16,2019-11-15T13:10:07,,
com.zerodha.kite,com.zerodha.kite,Finance,50dd7b3d-d4a0-4b4a-a142-e96618097c60,A Google user,1,,Old,0,2.1.16,2019-11-14T15:13:42,,
com.zerodha.kite,com.zerodha.kite,Finance,bc2ba0a7-4363-467e-9eee-1b5a51a28a7d,A Google user,2,,Good,0,2.1.15,2019-11-12T11:39:32,,
com.zerodha.kite,com.zerodha.kite,Finance,1c1e82ea-fb12-4525-b204-4dbc0054da46,A Google user,5,,Excellent,0,2.1.17,2019-11-12T09:29:24,,
com.zerodha.kite,com.zerodha.kite,Finance,781bd679-33c1-45a0-993f-54755c2ca9fe,A Google user,4,,Best,0,2.1.17,2019-11-12T08:55:59,,
com.zerodha.kite,com.zerodha.kite,Finance,eabfb51f-7696-4dbf-b0f5-79fa3c96a4fd,A Google user,5,,Good,0,2.1.17,2019-11-11T22:33:15,,
com.zerodha.kite,com.zerodha.kite,Finance,0f225dcd-36eb-495f-adf0-0d01c846778a,A Google user,5,,okaycool,0,2.1.17,2019-11-11T21:25:30,,
com.zerodha.kite,com.zerodha.kite,Finance,2b695b63-4155-4a04-af51-5d0d8fe99648,A Google user,5,,Excellent app,0,2.1.16,2019-11-11T20:21:40,,
com.zerodha.kite,com.zerodha.kite,Finance,1ce2aa42-d63a-40cd-b0d0-678dc8f9acec,A Google user,1,,Notvinterested,0,2.1.17,2019-11-11T11:39:16,,
com.zerodha.kite,com.zerodha.kite,Finance,2e1d672e-0556-495f-b252-0d64c02bf036,A Google user,4,,Very nice application & easy to operate,0,2.1.17,2019-11-10T16:30:01,,
com.zerodha.kite,com.zerodha.kite,Finance,8ceeabbf-029a-44c5-9fb0-ce92e64003d9,A Google user,5,,Awesome,0,2.1.15,2019-11-09T09:55:22,,
com.zerodha.kite,com.zerodha.kite,Finance,30e2aa5a-3622-4c7f-9823-e0ba0f48070d,A Google user,5,,nice,0,2.1.17,2019-11-07T21:07:02,,
com.zerodha.kite,com.zerodha.kite,Finance,58857c58-ff3f-42b8-9319-78588cfcbb0f,A Google user,5,,Good,0,2.1.19,2019-11-07T20:57:56,,
com.zerodha.kite,com.zerodha.kite,Finance,6823d0ff-f9b0-4184-a963-7ae72541fd0f,A Google user,5,,Good,0,2.1.17,2019-11-07T17:01:21,,
com.zerodha.kite,com.zerodha.kite,Finance,1cf17109-d814-4ea5-904c-cf17aa361657,A Google user,1,,"Can't download, very poor",0,2.1.15,2019-11-06T14:12:42,,
com.zerodha.kite,com.zerodha.kite,Finance,aec2323e-2094-4d94-aac7-51665dc9c788,A Google user,3,,Good service,0,2.1.17,2019-11-06T12:51:04,,
com.zerodha.kite,com.zerodha.kite,Finance,5f27e2a4-0232-48c4-80c6-8faad793e0bf,A Google user,4,,good,0,2.1.17,2019-11-06T09:10:38,,
com.zerodha.kite,com.zerodha.kite,Finance,e25a6853-ce93-4459-802f-a42cb316a2a6,A Google user,5,,Superb app easy to use,0,2.1.18,2019-11-05T23:37:22,,
com.zerodha.kite,com.zerodha.kite,Finance,4cbb2afb-f622-4668-b97e-8c6ffe2d0544,A Google user,5,,Very good,0,2.1.18,2019-11-05T15:57:45,,
com.zerodha.kite,com.zerodha.kite,Finance,9e46743f-8ae6-403b-8edf-b78c3af1dd87,A Google user,5,,Good,0,2.1.15,2019-11-05T10:16:39,,
com.zerodha.kite,com.zerodha.kite,Finance,2a0461fc-9b04-4ab0-970e-cc271d1f1cf0,A Google user,4,,Nice service,0,2.1.15,2019-11-05T07:24:54,,
com.zerodha.kite,com.zerodha.kite,Finance,b31d9f9a-ed9f-48fb-ac10-168f401e4959,A Google user,4,,Good,0,2.1.17,2019-11-04T17:28:43,,
com.zerodha.kite,com.zerodha.kite,Finance,5eada227-8a9f-48f4-9cc1-082ed89ebc4d,A Google user,5,,Exlant,0,2.1.18,2019-11-04T11:41:26,,
com.zerodha.kite,com.zerodha.kite,Finance,dc25999b-7327-494f-a692-681b71f2c29c,A Google user,5,,Good app,0,2.1.15,2019-11-04T09:29:24,,
com.zerodha.kite,com.zerodha.kite,Finance,b84f3e99-c582-42c3-85db-1273bca0bf0a,A Google user,2,,badiya hai bhaiya,0,2.1.19,2019-11-03T11:43:36,,
com.zerodha.kite,com.zerodha.kite,Finance,1a41cf49-e436-4ead-a365-1232d49f2075,A Google user,5,,Good service,0,2.1.15,2019-11-03T10:29:53,,
com.zerodha.kite,com.zerodha.kite,Finance,3631b6bc-69ab-433c-8e61-93f09605da52,A Google user,4,,Good,0,2.1.18,2019-11-02T21:10:04,,
com.zerodha.kite,com.zerodha.kite,Finance,c5101055-c675-46ed-8b70-1bad7b27fa6a,A Google user,5,,Superb very nice app,0,2.1.19,2019-11-02T20:22:14,,
com.zerodha.kite,com.zerodha.kite,Finance,8342203b-18f5-42c1-8c3f-5505d402bd70,A Google user,1,,"Laude ke baal...3rd class buggy and instable app. madarchod, when will u stablize app. charging customer for auto square off. by which nse rule or clause?",1,2.1.11,2019-11-02T17:52:59,,
com.zerodha.kite,com.zerodha.kite,Finance,f91393f4-511e-4c25-955a-59bad1b3827f,A Google user,5,,Super,0,2.1.17,2019-11-02T15:49:36,,
com.zerodha.kite,com.zerodha.kite,Finance,00ab86e4-8a0f-4ddb-a68f-6c977237acfa,A Google user,5,,Good,0,2.1.15,2019-11-01T12:12:07,,
com.zerodha.kite,com.zerodha.kite,Finance,7ea5daa9-e1de-447e-804f-2de59bfbd53d,A Google user,5,,Super,0,2.1.17,2019-11-01T11:14:37,,
com.zerodha.kite,com.zerodha.kite,Finance,79f431fe-f4c9-4d5a-bf80-cfb800759be3,A Google user,5,,Nice softwe,0,2.1.17,2019-11-01T09:30:09,,
com.zerodha.kite,com.zerodha.kite,Finance,5fa30290-c69a-4b49-93ce-30b5bf2fb5b5,A Google user,5,,V good,0,2.1.17,2019-11-01T09:00:21,,
com.zerodha.kite,com.zerodha.kite,Finance,e2d9d8ce-bc6f-4b7f-8c79-cf5db077e51e,A Google user,5,,Very good application for trading.,0,2.1.17,2019-10-31T21:55:16,,
com.zerodha.kite,com.zerodha.kite,Finance,5e87d919-2c52-4ea7-a39d-e8962f74078a,A Google user,3,,Super,0,2.1.17,2019-10-31T20:07:46,,
com.zerodha.kite,com.zerodha.kite,Finance,04362ed9-6932-4ac6-af3f-112fe7f7598d,A Google user,5,,good convenient,0,2.1.15,2019-10-31T18:57:56,,
com.zerodha.kite,com.zerodha.kite,Finance,d5739be2-1fca-47a5-8c63-1ed48be079c7,A Google user,5,,"This UI is way much better that the latest one, please bring back this one.",0,2.1.19,2019-10-31T15:31:07,,
com.zerodha.kite,com.zerodha.kite,Finance,4df0185d-5c76-4b87-8d7d-75e0ca235904,A Google user,5,,Good app,0,2.1.19,2019-10-31T12:32:36,,
com.zerodha.kite,com.zerodha.kite,Finance,101f3c28-ffe2-4ceb-b9b8-242a2e72289b,A Google user,1,,Nice,0,2.1.9,2019-10-31T11:12:20,,
com.zerodha.kite,com.zerodha.kite,Finance,217e537b-74d9-4195-b191-ab84e3174ea7,A Google user,5,,Ok,0,2.1.17,2019-10-30T16:51:39,,
com.zerodha.kite,com.zerodha.kite,Finance,3117114a-1f4d-48e4-9830-9375fef7c260,A Google user,1,,Good,0,2.1.15,2019-10-30T12:31:12,,
com.zerodha.kite,com.zerodha.kite,Finance,7b6e99f8-a7e3-476f-b296-c0893418fdfb,A Google user,4,,may be more expert,0,2.1.18,2019-10-30T11:10:21,,
com.zerodha.kite,com.zerodha.kite,Finance,bd2a00cf-7046-410a-a5e3-2677977c8212,A Google user,3,,Old app process very easy,0,2.1.15,2019-10-30T09:05:27,,
com.zerodha.kite,com.zerodha.kite,Finance,2ff78e16-dce3-4bd4-afb7-a210f733357a,A Google user,5,,Nice,0,2.1.19,2019-10-30T07:50:48,,
com.zerodha.kite,com.zerodha.kite,Finance,14185de7-5e2e-450f-a7f8-544117dfec5e,A Google user,5,,Very nice app... Compair with other demate account app services and options.,0,,2019-10-30T04:01:08,,
com.zerodha.kite,com.zerodha.kite,Finance,c4fb3e2c-223a-49c1-89fc-ab8d987d3a69,A Google user,5,,nice,0,2.1.19,2019-10-29T20:23:00,,
com.zerodha.kite,com.zerodha.kite,Finance,6170a4a4-4dd2-404e-a457-52dbababce6a,A Google user,1,,Its very slow and wast of time to update,0,2.1.15,2019-10-29T19:18:34,,
com.zerodha.kite,com.zerodha.kite,Finance,cc9a2110-673a-4993-b3c1-c5299c6620ab,A Google user,4,,"Please bring back the old version. New version 3.0 is pathetic, doesn't show mutual fund info, graphics is also bad. Please bring back chart info in older version of the app.",5,1.9.26,2019-10-29T17:14:22,,
com.zerodha.kite,com.zerodha.kite,Finance,824f8517-7b38-47eb-aa5d-96996fa14c43,A Google user,2,,offenly gatway time out error showing,0,1.9.31,2019-10-29T11:33:55,,
com.zerodha.kite,com.zerodha.kite,Finance,38d4893e-779a-4c10-afad-bca543933e8c,A Google user,5,,excellent,0,2.1.17,2019-10-29T10:11:54,,
com.zerodha.kite,com.zerodha.kite,Finance,70d75b00-acd8-4b3a-8022-fe74ee3a9de8,A Google user,4,,Good,0,,2019-10-29T09:49:46,,
com.zerodha.kite,com.zerodha.kite,Finance,61b07fcf-948e-49e0-97da-482db64eb5fe,A Google user,5,,Nice,0,2.1.17,2019-10-28T13:34:34,,
com.zerodha.kite,com.zerodha.kite,Finance,9330f486-06fd-4db3-b14e-c692434a2808,A Google user,5,,Good,0,2.1.19,2019-10-28T12:22:37,,
com.zerodha.kite,com.zerodha.kite,Finance,46ee6e47-be79-4b11-9297-c2e9b9af6406,A Google user,2,,try samething new,0,,2019-10-28T11:19:27,,
com.zerodha.kite,com.zerodha.kite,Finance,6ba0f5f0-bf13-4de2-84f2-00b3db0676b3,A Google user,5,,A1+ app,0,2.1.15,2019-10-28T09:38:17,,
com.zerodha.kite,com.zerodha.kite,Finance,82be8494-b14b-49b9-a8c5-6d999c2a92e4,A Google user,5,,Nice app still love it,0,1.9.26,2019-10-28T01:20:59,,
com.zerodha.kite,com.zerodha.kite,Finance,5f25fa0e-a803-4bf2-b5ec-4f81d5ff3c7a,A Google user,5,,Good,0,2.1.19,2019-10-27T23:44:13,,
com.zerodha.kite,com.zerodha.kite,Finance,3ffc798e-c2cf-4f5d-8e28-c732de6aac4f,A Google user,1,,Not good user friendly,0,2.1.19,2019-10-27T22:13:47,,
com.zerodha.kite,com.zerodha.kite,Finance,db1bdf04-7339-4cf0-a687-507030dd188b,A Google user,5,,Good ui/ux,0,2.1.16,2019-10-26T17:37:13,,
com.zerodha.kite,com.zerodha.kite,Finance,6abe6a5c-4fff-445d-b9c8-086f1b76f088,A Google user,5,,Old,0,2.1.17,2019-10-26T12:49:48,,
com.zerodha.kite,com.zerodha.kite,Finance,fad2df4f-5a36-42cd-ad6e-ee109d2482e9,A Google user,1,,The older interface was much simpler and better than the new one. Give an option to select the interface. One of the many reasons for selecting zerodha was its interface,1,2.1.15,2019-10-26T12:24:19,,
com.zerodha.kite,com.zerodha.kite,Finance,715151e3-9edf-4334-aec0-4d576c966916,A Google user,5,,Gud.,0,2.1.18,2019-10-26T10:10:18,,
com.zerodha.kite,com.zerodha.kite,Finance,66e7a03e-c0dd-4c2c-828c-9c8df3f5aa4b,A Google user,4,,Very very Good,0,2.1.15,2019-10-26T08:48:31,,
com.zerodha.kite,com.zerodha.kite,Finance,554ddccf-2906-4bc1-93f7-13e5cccfea43,A Google user,2,,This app is far better than the new app. There are so many bugs in new app. Can't understand why Zerodha is forcing to use the new app even after so many bugs. It'll be better if they test the new app first than ask users to use that.,2,2.1.19,2019-10-25T21:15:08,,
com.zerodha.kite,com.zerodha.kite,Finance,426bf6c0-8510-427b-9326-0cb604d620f9,A Google user,5,,Nice,0,2.1.17,2019-10-25T19:28:24,,
com.zerodha.kite,com.zerodha.kite,Finance,c00d99c0-06cf-49e3-9587-4454b24c5885,A Google user,5,,Easy and convenient to use,0,2.1.17,2019-10-25T17:21:24,,
com.zerodha.kite,com.zerodha.kite,Finance,dd795f01-2cc1-4845-8d46-e321e5bb4c3d,A Google user,1,,Better app than new app,0,,2019-10-25T14:05:52,,
com.zerodha.kite,com.zerodha.kite,Finance,14524768-2e01-4e38-8013-686e08278f72,A Google user,5,,Bot kharab,0,2.1.18,2019-10-25T09:55:31,,
com.zerodha.kite,com.zerodha.kite,Finance,d6317165-19f6-412b-bae3-97d0cfce2e93,A Google user,5,,Thanks for zeeodha,0,2.1.19,2019-10-25T09:10:07,,
com.zerodha.kite,com.zerodha.kite,Finance,408e36b7-613b-491b-b63c-5ab67735a2b7,A Google user,5,,New app is not better for old app Old app is simple and useing best for new app So plzzzzzzzzzzzzzzzzzzzz zerodha old app is continually Thanks,0,2.1.18,2019-10-25T08:24:40,,
com.zerodha.kite,com.zerodha.kite,Finance,db10f3ca-77b4-4416-8913-db7ccb574b69,A Google user,5,,Good,0,2.1.18,2019-10-25T06:51:27,,
com.zerodha.kite,com.zerodha.kite,Finance,c52dfd45-0039-41d9-a4b8-9da2420190ef,A Google user,5,,Great,0,2.1.19,2019-10-24T22:25:41,,
com.zerodha.kite,com.zerodha.kite,Finance,b39dba33-4aaa-4db3-adbd-7497938ee583,A Google user,4,,Great,0,2.1.18,2019-10-24T21:51:47,,
com.zerodha.kite,com.zerodha.kite,Finance,d833ed41-e035-4e8a-9a53-61e982b61fba,A Google user,4,,Good,0,2.1.18,2019-10-24T17:37:03,,
com.zerodha.kite,com.zerodha.kite,Finance,879f2435-9284-491a-9346-c4900096aa78,A Google user,5,,Good,0,2.1.19,2019-10-24T16:38:29,,
com.zerodha.kite,com.zerodha.kite,Finance,0625da36-4341-4d0c-a5c9-a088b0f8dd46,A Google user,5,,Good,0,2.1.19,2019-10-24T11:54:35,,
com.zerodha.kite,com.zerodha.kite,Finance,ecea0c9a-bfc3-4b3c-bdaa-f1b3b3411197,A Google user,4,,Averege...,0,2.1.15,2019-10-24T11:15:47,,
com.zerodha.kite,com.zerodha.kite,Finance,cce3016c-7c64-454a-b4cd-9a1c08b346bf,A Google user,1,,Ghtiya app h,0,2.1.18,2019-10-24T09:22:45,,
com.zerodha.kite,com.zerodha.kite,Finance,989f48c6-0460-4f99-96b0-5af0de311044,A Google user,5,,😃😃😃😃😃😃😃,0,2.1.19,2019-10-24T08:09:18,,
com.zerodha.kite,com.zerodha.kite,Finance,7573bf0f-2320-4451-9a03-755fbbb501a2,A Google user,5,,"First version is the best, new version is wrost no user friendly...",2,2.1.19,2019-10-24T07:47:04,,
com.zerodha.kite,com.zerodha.kite,Finance,c68956c2-402d-486f-affd-8e9a70dcdbd0,A Google user,5,,Way better than new one,0,2.1.9,2019-10-24T00:41:03,,
com.zerodha.kite,com.zerodha.kite,Finance,55eecd96-5ee6-4287-9b27-d6ef7221181a,A Google user,3,,Nice,0,2.1.17,2019-10-23T22:25:17,,
com.zerodha.kite,com.zerodha.kite,Finance,831607e9-77dd-4e25-9868-3b4e2a803e36,A Google user,5,,Very good old app compare of New zerodha kite app,0,1.9.31,2019-10-23T21:47:18,,
com.zerodha.kite,com.zerodha.kite,Finance,c810ba22-fcab-4ddf-b039-607a676b880b,A Google user,5,,Best,0,,2019-10-23T21:45:29,,
com.zerodha.kite,com.zerodha.kite,Finance,bd5e6203-5859-4a7b-a689-e0c3c7284c8d,A Google user,5,,Excellent,0,2.1.19,2019-10-23T17:12:15,,
com.zerodha.kite,com.zerodha.kite,Finance,b0bf067d-5c8e-4909-8d5d-6ff89620b168,A Google user,5,,Best,0,2.1.15,2019-10-23T13:16:34,,
com.zerodha.kite,com.zerodha.kite,Finance,c51941f7-2acb-4b69-a2af-e9b42cc749b9,A Google user,1,,Everytime ask update,0,2.1.18,2019-10-23T10:33:01,,
com.zerodha.kite,com.zerodha.kite,Finance,717358fb-0bab-45c4-a302-fc661aa564c9,A Google user,2,,One year,0,,2019-10-23T10:23:17,,
com.zerodha.kite,com.zerodha.kite,Finance,df26148d-d3ba-4304-8e24-c9efd65110fb,A Google user,1,,Old version is good,0,2.1.17,2019-10-23T09:29:08,,
com.zerodha.kite,com.zerodha.kite,Finance,c11d469b-de35-4bab-a0f0-8ae0a5a8a6de,A Google user,5,,Good app,0,2.1.18,2019-10-23T08:58:58,,
com.zerodha.kite,com.zerodha.kite,Finance,22854a02-fa11-4808-8c00-f90ce94bb1d0,A Google user,5,,Excellent platform,0,2.1.17,2019-10-22T19:00:30,,
com.zerodha.kite,com.zerodha.kite,Finance,ab9a15d5-e7b7-49f0-8219-d2d347d76320,A Google user,5,,Nice app.,0,2.1.17,2019-10-22T17:21:28,,
com.zerodha.kite,com.zerodha.kite,Finance,3165a343-31a2-43f9-81b1-bf3c1d8ca952,A Google user,5,,Good,0,2.1.15,2019-10-22T15:54:55,,
com.zerodha.kite,com.zerodha.kite,Finance,603dfceb-7e2e-4690-844d-46e35dd1625a,A Google user,5,,Good,0,2.1.19,2019-10-22T14:51:43,,
com.zerodha.kite,com.zerodha.kite,Finance,f02d3699-7881-4cf2-8e50-2a8d89ff9ce4,A Google user,5,,I like it,0,,2019-10-22T14:13:32,,
com.zerodha.kite,com.zerodha.kite,Finance,62fa5aca-310e-4507-8dec-8d07d256d068,A Google user,5,,Easy to use to everyone,0,2.1.15,2019-10-22T13:58:58,,
com.zerodha.kite,com.zerodha.kite,Finance,b9c33ddb-965d-4acc-877f-15a3a4252b5b,A Google user,5,,Excellent,0,2.1.18,2019-10-22T12:26:20,,
com.zerodha.kite,com.zerodha.kite,Finance,3895f69f-f206-4b20-8c37-c4cc355c9a40,A Google user,3,,Doesn't show the overall value of the portfolio.,0,2.1.17,2019-10-22T11:56:05,,
com.zerodha.kite,com.zerodha.kite,Finance,6c0c4afa-8ccc-44be-8f3c-6b00354681e5,A Google user,1,,Ok,0,2.1.18,2019-10-22T10:07:08,,
com.zerodha.kite,com.zerodha.kite,Finance,b51e06d7-40ad-4c2e-8841-ff5092d68a91,A Google user,4,,Yes gud app,0,2.1.15,2019-10-22T09:32:30,,
com.zerodha.kite,com.zerodha.kite,Finance,9fe38472-f481-4da4-9083-357b496601dc,A Google user,5,,Good,0,2.1.11,2019-10-21T21:42:09,,
com.zerodha.kite,com.zerodha.kite,Finance,857278b6-13db-4a78-8e36-91dec11bf98a,A Google user,5,,Best platform,0,2.1.15,2019-10-21T17:45:40,,
com.zerodha.kite,com.zerodha.kite,Finance,6b08ead0-802a-4882-bcde-b61fc738cf7a,A Google user,3,,Good,0,2.1.17,2019-10-21T09:39:25,,
com.zerodha.kite,com.zerodha.kite,Finance,b2d2607c-476d-412e-9152-904aff6c05a1,A Google user,5,,Nice aap,0,2.1.17,2019-10-20T19:08:02,,
com.zerodha.kite,com.zerodha.kite,Finance,14886313-735d-413c-875d-8f11ac4730fc,A Google user,5,,Old is gold,0,2.1.19,2019-10-20T17:43:16,,
com.zerodha.kite,com.zerodha.kite,Finance,6b9e3b48-3af3-4a4b-9281-e6f63bdd713b,A Google user,3,,Good,0,2.1.17,2019-10-20T16:35:35,,
com.zerodha.kite,com.zerodha.kite,Finance,ce1c351c-639a-420d-85d3-b65865065bc6,A Google user,5,,Good,0,2.1.19,2019-10-20T15:10:50,,
com.zerodha.kite,com.zerodha.kite,Finance,13bd8ba0-70f3-4087-999b-860c6a7a0085,A Google user,5,,"I am using Zerodha from last 1 year. Completely great experience. But why zerodha is forcing its user to use new app? New app ui is great but looks very very confusing. I am day trader. Old app looks faster and simple. Now, in old app, constantly one red line is there to indicate upgrade. The day zerodha discontinue this kite old app, I will close my account and go to Upstox. And one more thing, don't u worry zerodha, Paytm is coming",9,2.1.19,2019-10-20T09:39:20,,
com.zerodha.kite,com.zerodha.kite,Finance,dd1ab93d-cc9f-402c-953b-62c5aa711acb,A Google user,5,,best app,0,2.1.18,2019-10-20T09:07:47,,
com.zerodha.kite,com.zerodha.kite,Finance,06f6f01b-6f2e-456d-8025-247a052a06d4,A Google user,1,,ही,0,2.1.15,2019-10-20T06:52:37,,
com.zerodha.kite,com.zerodha.kite,Finance,395bde24-efd5-4819-ab1a-4ae415186828,A Google user,1,,Login system is very bad i dont like,0,2.1.13,2019-10-19T15:31:01,,
com.zerodha.kite,com.zerodha.kite,Finance,11184c62-12fa-4e21-a048-2ff245bb1460,A Google user,1,,Not good . Lagging a lot. CEO earning and tax department earning a lot not traders.,0,,2019-10-18T22:05:28,,
com.zerodha.kite,com.zerodha.kite,Finance,b9f168f7-4c32-40ca-8f48-58e53e66ef62,A Google user,4,,very nice,0,2.1.19,2019-10-18T21:53:36,,
com.zerodha.kite,com.zerodha.kite,Finance,2bb0aea3-c5d6-4eb5-b3c7-0b54f1a5914a,A Google user,1,,very poor app..not user friendly,0,2.1.18,2019-10-18T21:39:38,,
com.zerodha.kite,com.zerodha.kite,Finance,fb1bd762-5b51-48fd-8cac-a23cb0ddadd8,A Google user,5,,I like this app better then new version❤❤❤ New version uncomfortable old version using simply and comfortable..😊,0,2.1.19,2019-10-18T19:36:15,,
com.zerodha.kite,com.zerodha.kite,Finance,636608c5-1cf4-4921-9310-c798d4d61183,A Google user,1,,Faddu app,0,2.1.19,2019-10-18T19:26:12,,
com.zerodha.kite,com.zerodha.kite,Finance,720a56fe-2da1-4c5b-b36e-a2e44b0acbf6,A Google user,4,,Double chart couldn't apply in mobile app.otherwise good,1,2.1.19,2019-10-18T18:03:50,,
com.zerodha.kite,com.zerodha.kite,Finance,34836b24-af66-433f-ae4f-5a1092092b3d,A Google user,5,,Very nice,0,,2019-10-18T16:59:09,,
com.zerodha.kite,com.zerodha.kite,Finance,0ce7b20d-9f1b-46f2-9417-6849bc64ee71,A Google user,5,,Supb,0,2.1.18,2019-10-18T15:30:06,,
com.zerodha.kite,com.zerodha.kite,Finance,de1b1669-7eef-430f-95d1-3d0e8935abd3,A Google user,5,,Easy to use,0,2.1.19,2019-10-18T15:24:52,,
com.zerodha.kite,com.zerodha.kite,Finance,10a26968-1a2a-4628-8039-66b3b8f8b452,A Google user,5,,Good,0,2.1.15,2019-10-18T15:13:54,,
com.zerodha.kite,com.zerodha.kite,Finance,3c29d011-0ce7-4f71-a616-aa71948387d8,A Google user,3,,Good app,0,2.1.18,2019-10-18T15:05:24,,
com.zerodha.kite,com.zerodha.kite,Finance,341bf8d9-0a53-4229-91dd-8d0417dea373,A Google user,5,,Nice sapot,0,2.1.18,2019-10-18T13:07:41,,
com.zerodha.kite,com.zerodha.kite,Finance,cf4b5a7e-009d-440e-bffd-b9783e248882,A Google user,5,,Good,0,2.1.17,2019-10-18T11:25:29,,
com.zerodha.kite,com.zerodha.kite,Finance,676f0304-2721-4216-b125-5a04a5310c10,A Google user,5,,Excellent,0,2.1.19,2019-10-18T11:09:16,,
com.zerodha.kite,com.zerodha.kite,Finance,5c4f9600-768b-41a0-b90e-88218a759fe7,A Google user,5,,good,0,2.1.19,2019-10-18T09:52:03,,
com.zerodha.kite,com.zerodha.kite,Finance,a77b6285-e67a-4aed-88cb-7f63ece56ea2,A Google user,5,,Good,0,2.1.18,2019-10-18T09:50:47,,
com.zerodha.kite,com.zerodha.kite,Finance,084632d9-4c6d-46ad-9fe2-d8081800c4c6,A Google user,5,,Best,0,2.1.18,2019-10-18T08:38:33,,
com.zerodha.kite,com.zerodha.kite,Finance,e5da3489-92fd-4b8a-b453-3347303ea200,A Google user,4,,Good,0,2.1.15,2019-10-18T01:50:42,,
com.zerodha.kite,com.zerodha.kite,Finance,6d962157-3c38-4b96-b24d-7f71bc8f3a48,A Google user,5,,Good,0,2.1.18,2019-10-17T21:49:21,,
com.zerodha.kite,com.zerodha.kite,Finance,4ac43482-026d-4de2-a8f9-b60e88ac8dfe,A Google user,5,,Old app only good for trafing,0,2.1.19,2019-10-17T18:28:25,,
com.zerodha.kite,com.zerodha.kite,Finance,a1c15bb7-7243-479f-aff0-b1a86f338d59,A Google user,1,,bakwas,0,2.1.18,2019-10-17T17:55:52,,
com.zerodha.kite,com.zerodha.kite,Finance,c04555d5-8310-4467-bd9d-63b9dda58969,A Google user,4,,Verygood than new,0,2.1.18,2019-10-17T14:56:36,,
com.zerodha.kite,com.zerodha.kite,Finance,18a1a101-d1ba-468c-9297-405c6420b68a,A Google user,4,,Nice,0,2.1.17,2019-10-17T14:22:20,,
com.zerodha.kite,com.zerodha.kite,Finance,226b6898-cb95-4116-a0d9-acd76be82fc0,A Google user,5,,Amazing,0,2.1.17,2019-10-17T11:40:32,,
com.zerodha.kite,com.zerodha.kite,Finance,abb85a90-3270-4aaa-9506-db963c998436,A Google user,1,,Bad,0,2.1.18,2019-10-17T10:57:32,,
com.zerodha.kite,com.zerodha.kite,Finance,aa933e50-f990-479c-996a-1f5df27b40f8,A Google user,5,,This aap is good plz... Update this application,0,2.1.19,2019-10-17T10:09:49,,
com.zerodha.kite,com.zerodha.kite,Finance,9da24fe4-3ce2-45bf-ae41-12bdf754bc93,A Google user,5,,Nice,0,2.1.18,2019-10-17T09:39:02,,
com.zerodha.kite,com.zerodha.kite,Finance,ac2a5f6f-1636-4da3-931a-400b218f7a00,A Google user,4,,Chart not open,0,2.1.17,2019-10-17T09:28:16,,
com.zerodha.kite,com.zerodha.kite,Finance,1c83f7e7-a4da-4d7e-9bb8-82a203d578ac,A Google user,5,,Excellent,0,2.1.19,2019-10-17T08:54:10,,
com.zerodha.kite,com.zerodha.kite,Finance,6fb8bb8b-835c-4b2c-9716-c6d86048e622,A Google user,5,,Good one,0,2.1.15,2019-10-17T08:50:28,,
com.zerodha.kite,com.zerodha.kite,Finance,a6c5c935-6291-4a05-ba2f-0b9de6fb4e60,A Google user,4,,Nice,0,2.1.18,2019-10-17T07:21:15,,
com.zerodha.kite,com.zerodha.kite,Finance,80708fa1-2151-4bcd-8e81-bea0b3bc3c1c,A Google user,4,,Good,0,2.1.17,2019-10-16T23:25:38,,
com.zerodha.kite,com.zerodha.kite,Finance,be7c34b6-60c0-4418-81dc-1d179e9b42fd,A Google user,4,,Good,0,2.1.15,2019-10-16T22:50:16,,
com.zerodha.kite,com.zerodha.kite,Finance,441d59d9-f9cd-40f5-9d92-f6712201f142,A Google user,5,,Better tha kite new,0,,2019-10-16T20:53:22,,
com.zerodha.kite,com.zerodha.kite,Finance,69b32f05-ca15-4932-845e-06feafa2fc03,A Google user,5,,Excellent,0,,2019-10-16T19:51:41,,
com.zerodha.kite,com.zerodha.kite,Finance,0a02932d-c2f3-4d5e-82c9-d138e182980b,A Google user,4,,Nice app Very easy to use,0,2.1.19,2019-10-16T16:37:40,,
com.zerodha.kite,com.zerodha.kite,Finance,f3789d31-0f21-4cd5-98fa-139e14598564,A Google user,2,,Old is best,0,2.1.18,2019-10-16T14:58:28,,
com.zerodha.kite,com.zerodha.kite,Finance,9eef2c55-b35d-4ec4-9afb-927ebcf7df57,A Google user,5,,Good,0,2.1.18,2019-10-16T13:54:30,,
com.zerodha.kite,com.zerodha.kite,Finance,b2adec89-2bcb-4f06-a114-ae883da806cb,A Google user,5,,You can clearly see profit and loss.,0,2.1.19,2019-10-16T13:53:29,,
com.zerodha.kite,com.zerodha.kite,Finance,70d9e095-b29d-4613-85e5-42adf24848d7,A Google user,5,,good,0,2.1.18,2019-10-16T13:01:37,,
com.zerodha.kite,com.zerodha.kite,Finance,53db0b67-9c54-4a44-a30c-dcf6e70cd193,A Google user,5,,Good app,0,2.1.18,2019-10-16T12:32:03,,
com.zerodha.kite,com.zerodha.kite,Finance,f0b39001-eab1-45f2-b520-a0f5985af7b0,A Google user,5,,Very good app,0,2.1.19,2019-10-16T12:04:12,,
com.zerodha.kite,com.zerodha.kite,Finance,bee606db-5f2e-4722-abd7-bf1d10edd02b,A Google user,5,,Good app,0,2.1.18,2019-10-16T10:49:21,,
com.zerodha.kite,com.zerodha.kite,Finance,7acbcf37-96ed-40b0-9e01-1e6ec10419e3,A Google user,5,,Good,0,2.1.18,2019-10-16T10:43:44,,
com.zerodha.kite,com.zerodha.kite,Finance,205e44cb-9fe0-45bd-8ddf-84d52f8dd7e1,A Google user,5,,Goog,0,2.1.15,2019-10-16T09:57:52,,
com.zerodha.kite,com.zerodha.kite,Finance,66e8f54c-3ae5-49ce-8f9d-9a8f608be652,A Google user,3,,अतीउत्तम,0,2.1.18,2019-10-16T09:31:34,,
com.zerodha.kite,com.zerodha.kite,Finance,caef4068-c59a-4a58-8401-167f7025701a,A Google user,5,,Good,0,2.1.18,2019-10-16T09:29:56,,
com.zerodha.kite,com.zerodha.kite,Finance,8ae0333e-9ae9-4e31-a0ab-d086bf0b2431,A Google user,1,,Fargi app,0,2.1.18,2019-10-16T09:18:50,,
com.zerodha.kite,com.zerodha.kite,Finance,d482560a-3894-4290-9cf3-f799ca74d11c,A Google user,5,,Old version in very good,0,2.1.19,2019-10-16T09:07:32,,
com.zerodha.kite,com.zerodha.kite,Finance,32ce1ca9-99e1-49ee-a150-5a2da0b2fb97,A Google user,4,,Good,0,2.1.18,2019-10-16T08:51:28,,
com.zerodha.kite,com.zerodha.kite,Finance,7591bb5f-8822-4b77-a5ca-7228469ef5dd,A Google user,5,,Awesome,0,2.1.18,2019-10-16T08:46:24,,
com.zerodha.kite,com.zerodha.kite,Finance,a645944d-8515-4212-96c5-dcba1b367dee,A Google user,1,,chart hangs 9:15 every day,0,2.1.18,2019-10-16T08:43:20,,
com.zerodha.kite,com.zerodha.kite,Finance,6713f0ec-9810-49f7-95ec-1e40384226f5,A Google user,5,,Sugar,0,2.1.18,2019-10-16T08:01:55,,
com.zerodha.kite,com.zerodha.kite,Finance,711013eb-6ed2-4b6a-9af1-0ccf46a6031e,A Google user,5,,Is i very good app as compared to new kite.... New kite is very confusing sw... Make sure this is also work..... By user choice user will use this one also.,1,2.1.19,2019-10-16T01:24:19,,
com.zerodha.kite,com.zerodha.kite,Finance,b9e7d05b-277c-4727-9a1d-37e7ef9435e9,A Google user,5,,Good,0,2.1.18,2019-10-15T23:52:25,,
com.zerodha.kite,com.zerodha.kite,Finance,3283bba8-f288-4f07-90c0-6489aa615bbb,A Google user,5,,Excellent App,0,1.9.31,2019-10-15T23:34:57,,
com.zerodha.kite,com.zerodha.kite,Finance,45e66c56-b995-4acd-b752-e9eeefe4bfda,A Google user,5,,Overall it is good app,0,2.1.18,2019-10-15T22:38:12,,
com.zerodha.kite,com.zerodha.kite,Finance,828897de-5f5e-4e6a-a15a-db91491a1c39,A Google user,5,,Good application for beginners,0,2.1.15,2019-10-15T22:09:22,,
com.zerodha.kite,com.zerodha.kite,Finance,33c3c096-3dbb-4fae-98bc-dbcf93fd5b94,A Google user,4,,Nice,0,2.1.18,2019-10-15T22:04:12,,
com.zerodha.kite,com.zerodha.kite,Finance,8a8d8571-9c05-4763-888c-7bc81feb3653,A Google user,5,,Gud,0,2.1.18,2019-10-15T22:00:56,,
com.zerodha.kite,com.zerodha.kite,Finance,05b1c968-9423-4b9b-a473-265cc3a88ad6,A Google user,5,,Good to see her again,0,2.1.18,2019-10-15T21:35:43,,
com.zerodha.kite,com.zerodha.kite,Finance,7b8877f3-b80f-41e9-bdc1-89e65a56277b,A Google user,3,,Good,0,2.1.18,2019-10-15T21:35:17,,
com.zerodha.kite,com.zerodha.kite,Finance,61a61c3d-b2f0-45dd-a70e-60809fe9c4a5,A Google user,4,,Good,0,2.1.15,2019-10-15T21:35:08,,
com.zerodha.kite,com.zerodha.kite,Finance,4a7bdf9f-cd12-4f14-a66f-5d8d1b6f6340,A Google user,4,,very nice app & far far better than kite new app.,0,2.1.19,2019-10-15T21:00:57,,
com.zerodha.kite,com.zerodha.kite,Finance,39c72a41-d496-4f77-a9ff-a1a45397dacf,A Google user,5,,Best for intraday,0,2.1.18,2019-10-15T20:54:53,,
com.zerodha.kite,com.zerodha.kite,Finance,a950fb5f-be87-4210-9237-a2622f95892e,A Google user,4,,Good,0,2.1.17,2019-10-15T20:17:24,,
com.zerodha.kite,com.zerodha.kite,Finance,1e2cfb44-7bbf-4d03-9b1e-275c0c9d1a17,A Google user,1,,chart hangs at 9:15 am,0,,2019-10-15T20:01:29,,
com.zerodha.kite,com.zerodha.kite,Finance,350d8c00-2066-4b2a-855f-6b7039ecb6e4,A Google user,5,,Nice,0,2.1.18,2019-10-15T19:49:38,,
com.zerodha.kite,com.zerodha.kite,Finance,0ed0988d-0df5-47b6-940a-5789975fac22,A Google user,5,,Good,0,2.1.18,2019-10-15T19:22:09,,
com.zerodha.kite,com.zerodha.kite,Finance,7a3fc37b-76ee-48e3-bfe2-5a08b856d182,A Google user,5,,Best platefarm in trading,0,,2019-10-15T19:02:21,,
com.zerodha.kite,com.zerodha.kite,Finance,3e962858-5a60-40d4-b0e1-85e0748e49dd,A Google user,5,,Lovely,0,2.1.18,2019-10-15T18:33:36,,
com.zerodha.kite,com.zerodha.kite,Finance,5fd2f1f3-ef5d-445e-b908-acd7a961369e,A Google user,5,,Ok,0,2.1.18,2019-10-15T18:27:09,,
com.zerodha.kite,com.zerodha.kite,Finance,e9ddb4fd-eaac-41b0-b5aa-1c544158698e,A Google user,1,,It Always asks update the app,0,2.1.17,2019-10-15T13:45:37,,
com.zerodha.kite,com.zerodha.kite,Finance,901b8913-21d3-47ee-9cb1-4aaa00c83f52,A Google user,1,,"Instead of developing multiple apps, focus on single app with your brand name simply : Zerodha - The Trading App! That will be great.",0,,2019-10-15T13:43:39,,
com.zerodha.kite,com.zerodha.kite,Finance,bb7ddd29-5118-4d74-ba78-6f2bce46b6c4,A Google user,5,,Good,0,2.1.17,2019-10-15T12:53:20,,
com.zerodha.kite,com.zerodha.kite,Finance,2a46e3f6-77a7-4e70-b492-980a928ad536,A Google user,5,,Awesome,0,2.1.17,2019-10-15T02:10:42,,
com.zerodha.kite,com.zerodha.kite,Finance,d87851cd-887c-4a88-80e3-f87cd1c4548b,A Google user,5,,Very good apps very nice apps very good apps very very very very very nice apps,0,2.1.18,2019-10-14T20:54:54,,
com.zerodha.kite,com.zerodha.kite,Finance,0b608b57-0613-4be5-9af6-8d000945c4bb,A Google user,2,,Not opening .,0,2.1.18,2019-10-14T20:09:15,,
com.zerodha.kite,com.zerodha.kite,Finance,e36e3576-7799-4a4f-97c9-31b5402ac1a9,A Google user,5,,Happy,0,2.1.19,2019-10-14T19:33:09,,
com.zerodha.kite,com.zerodha.kite,Finance,be106bca-8dfc-461c-836a-7f8743a10eb6,A Google user,5,,Super,0,2.1.17,2019-10-14T13:47:15,,
com.zerodha.kite,com.zerodha.kite,Finance,520e561e-a0a4-4c34-95d9-3db78e62de35,A Google user,5,,Fine,0,2.1.17,2019-10-14T12:05:08,,
com.zerodha.kite,com.zerodha.kite,Finance,84761555-9d04-497a-b0d7-b5c93bc587e2,A Google user,4,,"Why there is a big bold letter of zerodha in landscape mode? Frustrating. I 
know i have an account in zerodha so please remove that.",1,2.1.17,2019-10-14T09:37:58,,
com.zerodha.kite,com.zerodha.kite,Finance,bbc30a7b-e454-49ec-847d-ca1ee63465b9,A Google user,5,,Good,0,2.1.19,2019-10-14T09:07:09,,
com.zerodha.kite,com.zerodha.kite,Finance,e35c7e7e-7823-466f-8ea0-b163e34030a7,A Google user,3,,"Not shop graph, only shows white screen only, please solve this problem",1,2.1.19,2019-10-14T00:04:08,,
com.zerodha.kite,com.zerodha.kite,Finance,0a10c545-0e73-497f-9c35-86a278bdfa2e,A Google user,3,,Unnecesserry updates,0,2.1.17,2019-10-13T21:01:22,,
com.zerodha.kite,com.zerodha.kite,Finance,491ce62f-96f4-414c-97f3-d47777cebe4d,A Google user,4,,Good,0,2.1.17,2019-10-13T15:55:16,,
com.zerodha.kite,com.zerodha.kite,Finance,7d217479-7626-4806-8389-190d123b6e09,A Google user,4,,It is ok,0,2.1.18,2019-10-13T15:53:31,,
com.zerodha.kite,com.zerodha.kite,Finance,6c15d6a3-8277-4c7d-90fb-fe17b9994fbb,A Google user,5,,Good,0,2.1.17,2019-10-13T13:14:03,,
com.zerodha.kite,com.zerodha.kite,Finance,9b82bef6-795b-47b2-9b51-32afab4ab01b,A Google user,1,,Nice,0,2.1.15,2019-10-13T12:05:04,,
com.zerodha.kite,com.zerodha.kite,Finance,995200f6-ffb3-43d3-8a24-1d5ff03d9433,A Google user,4,,Good,0,2.1.15,2019-10-13T11:51:36,,
com.zerodha.kite,com.zerodha.kite,Finance,6101fe9c-4f3f-4225-99c2-e56e2c7ad929,A Google user,5,,good,0,2.1.17,2019-10-13T10:49:17,,
com.zerodha.kite,com.zerodha.kite,Finance,c6d46a3b-1cf2-47e0-80da-089411278b33,A Google user,5,,user friendly,0,2.1.15,2019-10-12T13:38:55,,
com.zerodha.kite,com.zerodha.kite,Finance,9a1066da-f99d-45ef-8fd6-2b1afb78601a,A Google user,4,,"Provide Bracket orders, cover orders for delivery too .....",0,2.1.17,2019-10-12T11:36:07,,
com.zerodha.kite,com.zerodha.kite,Finance,c6d187d2-534a-46dc-8a1c-20f1a7db7811,A Google user,1,,Ok,0,2.1.17,2019-10-12T10:38:40,,
com.zerodha.kite,com.zerodha.kite,Finance,e67fe9e5-d732-4c80-8796-d0fe7d440175,A Google user,5,,Old version is good. New version not user fraindanly. Please old version continue,2,2.1.19,2019-10-12T07:49:23,,
com.zerodha.kite,com.zerodha.kite,Finance,f38ea193-736a-4079-8e3f-47a209e0fa9a,A Google user,1,,very bad,0,2.1.17,2019-10-11T22:54:10,,
com.zerodha.kite,com.zerodha.kite,Finance,992c9798-3c2d-4bd3-ab3d-d83080835c09,A Google user,5,,The best app,0,,2019-10-11T22:26:26,,
com.zerodha.kite,com.zerodha.kite,Finance,a7e55963-b8bc-43d8-8e67-9dd0a5c0b142,A Google user,5,,Plz support this version too,0,,2019-10-11T21:20:37,,
com.zerodha.kite,com.zerodha.kite,Finance,3b8ded8e-9cc8-467a-8ab2-983717d6a00a,A Google user,5,,Best work,0,,2019-10-11T18:53:29,,
com.zerodha.kite,com.zerodha.kite,Finance,8dfca67d-7eed-4beb-af3a-3168d0824f91,A Google user,5,,Why zerodha is forcing to update app. I will close my demat account if zerodha forces to use new app,0,2.1.18,2019-10-11T15:45:50,,
com.zerodha.kite,com.zerodha.kite,Finance,09fac818-c9b1-44dc-ad17-9bbd118e9ba1,A Google user,4,,Good,0,,2019-10-11T13:50:32,,
com.zerodha.kite,com.zerodha.kite,Finance,ebd0cd63-fcc3-4f67-a4c2-d1b726aaee61,A Google user,5,,Super,0,2.1.18,2019-10-11T13:31:34,,
com.zerodha.kite,com.zerodha.kite,Finance,f7d4b2ef-03eb-4303-b769-427f959cbf5c,A Google user,5,,Nice,0,,2019-10-11T11:41:12,,
com.zerodha.kite,com.zerodha.kite,Finance,a70be845-ed95-4d50-a349-1b15dcc6467d,A Google user,5,,No one wants this version to be obsolate it is really simple much better than new kite 3,1,2.1.18,2019-10-11T08:51:51,,
com.zerodha.kite,com.zerodha.kite,Finance,faa21996-f75c-4f7e-93a0-779e08896f80,A Google user,5,,ok,0,2.1.17,2019-10-11T08:47:13,,
com.zerodha.kite,com.zerodha.kite,Finance,272e91cf-ae3b-46cc-9522-9ca3bf008f12,A Google user,5,,very good app,0,2.1.17,2019-10-11T04:45:38,,
com.zerodha.kite,com.zerodha.kite,Finance,4f547af2-acc3-4e44-8375-300010ca6616,A Google user,4,,Hi Good,0,2.1.18,2019-10-10T22:19:43,,
com.zerodha.kite,com.zerodha.kite,Finance,aa08b404-ee84-4484-88f4-c168255e3cfc,A Google user,5,,Nice,0,2.1.17,2019-10-10T22:13:42,,
com.zerodha.kite,com.zerodha.kite,Finance,97fce6e4-cef2-4fd3-a423-f92d65799a3e,A Google user,4,,Good app for stock market,0,2.1.15,2019-10-10T21:46:33,,
com.zerodha.kite,com.zerodha.kite,Finance,f917a9ae-b34d-46b5-acba-79bd47e3dae7,A Google user,1,,Cheap,0,2.1.17,2019-10-10T17:46:57,,
com.zerodha.kite,com.zerodha.kite,Finance,b8945d8b-2d76-4995-ad7a-1d0dbac80875,A Google user,5,,Nice,0,2.1.17,2019-10-10T13:38:48,,
com.zerodha.kite,com.zerodha.kite,Finance,400e01c9-7bf3-456e-a0f4-15bb57e2b278,A Google user,4,,Apps is good but some more improvement is needed,0,2.1.18,2019-10-10T13:12:23,,
com.zerodha.kite,com.zerodha.kite,Finance,b11a1fe6-f46d-480a-beac-e496ffc6e7e8,A Google user,5,,Great,0,2.1.17,2019-10-10T13:11:43,,
com.zerodha.kite,com.zerodha.kite,Finance,ffe4ca04-6f19-4f3f-ba47-682b5ce1f8cd,A Google user,5,,Good,0,2.1.17,2019-10-10T13:11:32,,
com.zerodha.kite,com.zerodha.kite,Finance,8a086478-6bc6-4f98-965c-88611ccbc9d0,A Google user,5,,Good,0,2.1.17,2019-10-10T12:29:04,,
com.zerodha.kite,com.zerodha.kite,Finance,606e5638-7ad6-4e70-bf21-8ff7e7ecb1bc,A Google user,5,,Easy to operate and learning,0,,2019-10-10T10:52:00,,
com.zerodha.kite,com.zerodha.kite,Finance,cfd34fc0-2f86-477e-988c-0bf6b1a1be0b,A Google user,4,,Easiest to trade at any time,0,2.1.18,2019-10-10T07:42:08,,
com.zerodha.kite,com.zerodha.kite,Finance,41b924ff-aa48-455b-9cad-dfa9b70e9435,A Google user,5,,"This one is better than the newly launched kite. KITE (NEW) is horrible Settings of indicators such ad Bollinger bands, RSI, MACD are difficult and i have not been able to do it, inspite of several attempts.",10,2.1.18,2019-10-09T23:10:38,,
com.zerodha.kite,com.zerodha.kite,Finance,c274f9ef-0cbe-4f42-9f9e-c2d28a794138,A Google user,5,,Ok,0,2.1.17,2019-10-09T22:58:14,,
com.zerodha.kite,com.zerodha.kite,Finance,e011a706-25da-45ec-ace4-e22337f4b7e6,A Google user,5,,App customisation is good....,0,2.1.18,2019-10-09T22:03:46,,
com.zerodha.kite,com.zerodha.kite,Finance,27c3ecdc-3e39-4b3f-ab70-b6805e8f3d81,A Google user,5,,"Please don't stop this version, it's better than new one",0,2.1.18,2019-10-09T21:18:24,,
com.zerodha.kite,com.zerodha.kite,Finance,572a4573-6942-4560-ba2a-50ef969052df,A Google user,4,,Good app,0,2.1.15,2019-10-09T20:46:02,,
com.zerodha.kite,com.zerodha.kite,Finance,ad7a5cbf-2431-4bfe-8eec-d6bcaeed0a57,A Google user,1,,"Worst version of zerodha , Kite old version was best & user friendly.",0,2.1.18,2019-10-09T20:05:51,,
com.zerodha.kite,com.zerodha.kite,Finance,2774c922-2253-4f17-8c71-06c822451f35,A Google user,4,,୍ଈଙୟଡ଼ୄଈ,0,2.1.15,2019-10-09T19:04:56,,
com.zerodha.kite,com.zerodha.kite,Finance,7e0d336b-7db3-4553-89a2-4fbc253b9a33,A Google user,4,,Nice,0,2.1.18,2019-10-09T18:51:09,,
com.zerodha.kite,com.zerodha.kite,Finance,9949c6da-41e9-4644-8a85-c6936b8cf32a,A Google user,1,,No comments,0,2.1.18,2019-10-09T15:29:49,,
com.zerodha.kite,com.zerodha.kite,Finance,047e1997-4e5b-4624-9887-c7893141a94d,A Google user,5,,Super,0,2.1.17,2019-10-09T14:36:06,,
com.zerodha.kite,com.zerodha.kite,Finance,78db9498-bf65-4d9d-a9bc-cb690e220d49,A Google user,5,,User friendly,0,,2019-10-09T14:34:30,,
com.zerodha.kite,com.zerodha.kite,Finance,cefbcf80-20f1-4bd9-8413-b6d155741cc2,A Google user,5,,"Easy oprational, and good to use.",0,2.1.9,2019-10-09T13:30:38,,
com.zerodha.kite,com.zerodha.kite,Finance,b4de004b-d339-4210-8cdf-31f9f62e5b5f,A Google user,5,,Good,0,2.1.15,2019-10-09T13:08:47,,
com.zerodha.kite,com.zerodha.kite,Finance,684a5a18-ee1c-4ed5-91c9-6db9e154063e,A Google user,1,,This update is not good,0,2.1.17,2019-10-09T12:03:28,,
com.zerodha.kite,com.zerodha.kite,Finance,8b10c4ab-162f-4e5b-8814-046621b88d41,A Google user,4,,Add Odia,0,2.1.17,2019-10-09T11:44:33,,
com.zerodha.kite,com.zerodha.kite,Finance,d2fbde5f-99f2-4c1b-be62-92a2ba64cbd5,A Google user,3,,Share chart showing is very slow,0,2.1.16,2019-10-09T11:18:05,,
com.zerodha.kite,com.zerodha.kite,Finance,011df984-2f22-4118-be73-56831afd421f,A Google user,5,,Good,0,2.1.18,2019-10-09T11:16:34,,
com.zerodha.kite,com.zerodha.kite,Finance,4c6e6dda-a14c-43c6-b1ed-4ce1c328dc42,A Google user,5,,User friendly,0,,2019-10-09T10:13:23,,
com.zerodha.kite,com.zerodha.kite,Finance,0c82e9e0-3d4c-4942-b4f0-ef414349c25e,A Google user,5,,Very nice app..,0,2.1.17,2019-10-09T09:58:12,,
com.zerodha.kite,com.zerodha.kite,Finance,624c3e23-871d-4a64-b40c-74b2b3f0e620,A Google user,5,,Good,0,2.1.15,2019-10-09T09:49:25,,
com.zerodha.kite,com.zerodha.kite,Finance,d6842101-4993-4a89-a95a-da58250a12f9,A Google user,2,,Old version was better as many times i open this app i have to reload it .,0,2.1.17,2019-10-09T09:16:31,,
com.zerodha.kite,com.zerodha.kite,Finance,1e2686a0-e7e9-4a5b-8e2a-4a16e185a039,A Google user,5,,Excellent,0,2.1.17,2019-10-09T09:15:46,,
com.zerodha.kite,com.zerodha.kite,Finance,8bc57ceb-9891-4dd3-896d-e0c759da7ede,A Google user,5,,Best,0,2.1.15,2019-10-09T09:01:26,,
com.zerodha.kite,com.zerodha.kite,Finance,a63ab29f-46e4-4b9b-9be3-8fef08d2c730,A Google user,5,,Good,0,2.1.17,2019-10-09T08:47:18,,
com.zerodha.kite,com.zerodha.kite,Finance,bbf8a1ed-d153-4187-aa79-25f11d241d48,A Google user,5,,Very good,0,2.1.18,2019-10-09T05:29:28,,
com.zerodha.kite,com.zerodha.kite,Finance,57b1da53-80f0-4c1f-9845-373c9b24a1a8,A Google user,5,,Nice,0,2.1.17,2019-10-08T22:11:11,,
com.zerodha.kite,com.zerodha.kite,Finance,3a79cf75-1c6c-456e-a05b-a80f39b7652c,A Google user,4,,Good,0,,2019-10-08T20:09:58,,
com.zerodha.kite,com.zerodha.kite,Finance,8571485a-9af3-4486-b471-b66d33e588a1,A Google user,5,,Good aap,0,2.1.17,2019-10-08T14:30:00,,
com.zerodha.kite,com.zerodha.kite,Finance,19b783c6-e23b-49d6-a545-6947cc682c4f,A Google user,5,,Good,0,2.1.16,2019-10-08T13:47:41,,
com.zerodha.kite,com.zerodha.kite,Finance,c1619a64-e64f-4f8f-b189-455b4235ce1d,A Google user,5,,Very good,0,2.1.16,2019-10-08T11:57:33,,
com.zerodha.kite,com.zerodha.kite,Finance,0b74721b-ea92-404b-9c49-2458cdc419c8,A Google user,5,,Best app,0,2.1.17,2019-10-08T11:16:52,,
com.zerodha.kite,com.zerodha.kite,Finance,fad82bed-cc07-4903-9629-60d409fafa58,A Google user,5,,Good ... Aap,0,2.1.18,2019-10-08T11:13:43,,
com.zerodha.kite,com.zerodha.kite,Finance,154c04aa-712f-4297-ac2e-9464400b31bb,A Google user,4,,slow,0,2.1.17,2019-10-08T09:32:32,,
com.zerodha.kite,com.zerodha.kite,Finance,0173a415-05a4-4a15-82df-8ec5687ac344,A Google user,5,,Good app for trading,0,,2019-10-08T09:16:28,,
com.zerodha.kite,com.zerodha.kite,Finance,9d567b83-ffc9-4bbd-8514-fb6a650868ab,A Google user,5,,Good App .. pleaae keep this old version in play store,0,2.1.17,2019-10-08T08:23:44,,
com.zerodha.kite,com.zerodha.kite,Finance,36872dbc-9937-4512-945f-0b7b0a09f293,A Google user,5,,Good,0,,2019-10-08T08:05:51,,
com.zerodha.kite,com.zerodha.kite,Finance,88b5d0ff-e520-434d-9c8b-8091d8ad1e31,A Google user,3,,Good,0,2.1.15,2019-10-08T00:25:43,,
com.zerodha.kite,com.zerodha.kite,Finance,e25b3a91-add5-487d-849d-806b6d6f9dda,A Google user,5,,Nice,0,2.1.17,2019-10-07T22:23:39,,
com.zerodha.kite,com.zerodha.kite,Finance,10286329-3a9f-4e7a-9c69-3d267700c3f1,A Google user,5,,Good,0,2.1.17,2019-10-07T20:52:19,,
com.zerodha.kite,com.zerodha.kite,Finance,a1f334c3-37fa-4bed-b1c9-36b9a99c3625,A Google user,5,,User friendly application for trading purpose ! Zerodha means Zero difficulty in use .,0,2.1.15,2019-10-07T20:39:22,,
com.zerodha.kite,com.zerodha.kite,Finance,7b53da43-8570-4c2d-bafe-dc8e76b25716,A Google user,5,,Like it,0,2.1.17,2019-10-07T18:37:27,,
com.zerodha.kite,com.zerodha.kite,Finance,fda5ed13-82c3-4eca-b31f-61d574edc01e,A Google user,5,,Very good but it is now obsolate. Upcoming verson does not support my mobile,0,,2019-10-07T17:40:06,,
com.zerodha.kite,com.zerodha.kite,Finance,d7a8b150-a154-4999-94bd-beadf95b528d,A Google user,4,,G good,0,,2019-10-07T17:07:52,,
com.zerodha.kite,com.zerodha.kite,Finance,bcd78b02-6644-419d-8d5d-0d4b635434b3,A Google user,5,,Too good,0,2.1.17,2019-10-07T16:53:19,,
com.zerodha.kite,com.zerodha.kite,Finance,59eac80f-e8c4-449e-9e2c-c4eabce0a381,A Google user,5,,Excellent.,0,2.1.15,2019-10-07T16:53:00,,
com.zerodha.kite,com.zerodha.kite,Finance,2a96ad6e-70f7-44e0-a7ef-139b50f1d35e,A Google user,5,,Good,0,2.1.18,2019-10-07T14:56:29,,
com.zerodha.kite,com.zerodha.kite,Finance,2b4f4509-779c-4f06-9959-4a894d71f801,A Google user,4,,Very good,0,2.1.17,2019-10-07T13:30:11,,
com.zerodha.kite,com.zerodha.kite,Finance,043fdf6c-6d60-4e3e-913a-033597b503f9,A Google user,5,,Guud,0,,2019-10-07T13:29:14,,
com.zerodha.kite,com.zerodha.kite,Finance,80d5215a-6178-4111-a3bb-15f22e6ed2df,A Google user,5,,My zip,0,2.1.16,2019-10-07T12:18:00,,
com.zerodha.kite,com.zerodha.kite,Finance,3b4d3de6-5470-4d72-b72a-72fcc5a95af9,A Google user,5,,Good,0,2.1.17,2019-10-07T11:53:25,,
com.zerodha.kite,com.zerodha.kite,Finance,f515aa91-20d7-4379-a48c-d882b42be508,A Google user,5,,"This version is far better than the latest version Kite3. Its user friendly ,easy to navigate,best on charts and many more features are way better than the new version. Not sure why this version is being closed. I am not at all comfortable using new - Kite3. Seriously thinking yo shift my trading account to other platform. Zerodha has started tk become pathetic.",10,2.1.17,2019-10-07T11:00:55,,
com.zerodha.kite,com.zerodha.kite,Finance,57a97758-6356-4065-a7c0-39a8a14cf673,A Google user,5,,Best,0,2.1.17,2019-10-07T10:56:43,,
com.zerodha.kite,com.zerodha.kite,Finance,d34dddd3-0e1b-4673-840b-4e533b22577a,A Google user,5,,Old is gold,0,2.1.17,2019-10-07T08:55:07,,
com.zerodha.kite,com.zerodha.kite,Finance,93992b65-faf5-4230-b9f7-222b9b76fe44,A Google user,4,,Please continue this app or provide kite 3.0 app for all devices and all platforms. KITE 3.0 is not supported by android 4.4.4 devices.,0,2.1.17,2019-10-06T21:24:20,,
com.zerodha.kite,com.zerodha.kite,Finance,dbe35553-505c-449c-9e61-18f1cf4c5e99,A Google user,2,,very bad experience,0,2.1.15,2019-10-06T18:35:29,,
com.zerodha.kite,com.zerodha.kite,Finance,97236aa9-e3f2-4166-8ad9-797c0df5a5f1,A Google user,4,,good,0,2.1.18,2019-10-06T17:51:42,,
com.zerodha.kite,com.zerodha.kite,Finance,28e4f07b-eaf8-4bd0-b209-c5f4edd5cf29,A Google user,3,,Falsifiability,0,2.1.15,2019-10-06T11:15:58,,
com.zerodha.kite,com.zerodha.kite,Finance,f51cd75f-abaa-4909-96de-038fd77279e4,A Google user,4,,This app is easy to trade so please don't discontinue,0,2.1.17,2019-10-06T07:23:52,,
com.zerodha.kite,com.zerodha.kite,Finance,831360be-c789-4c6e-98e6-0fc0c10c660c,A Google user,5,,"Good .,....................",0,2.1.17,2019-10-06T04:01:03,,
com.zerodha.kite,com.zerodha.kite,Finance,562be59c-fb3a-43b5-ae88-52e119a6c380,A Google user,1,,New mobile app is worst one.,0,2.1.17,2019-10-05T23:21:50,,
com.zerodha.kite,com.zerodha.kite,Finance,1859db91-0481-4500-896e-88412827da36,A Google user,5,,Old is gold,0,2.1.18,2019-10-05T20:07:23,,
com.zerodha.kite,com.zerodha.kite,Finance,73f89c44-533b-4b71-9abf-7be5863dd69f,A Google user,4,,Very good,0,2.1.17,2019-10-05T18:49:24,,
com.zerodha.kite,com.zerodha.kite,Finance,f8842efa-f60e-4668-afa8-68f3e432481d,A Google user,5,,Very nice,0,2.1.18,2019-10-05T17:40:13,,
com.zerodha.kite,com.zerodha.kite,Finance,a7a0d7a3-0104-4f97-a0e7-da6df9616963,A Google user,5,,Best,0,2.1.17,2019-10-05T14:53:58,,
com.zerodha.kite,com.zerodha.kite,Finance,d86cf145-2173-44db-99d6-4609dbccb253,A Google user,5,,Good work This apps,0,2.1.16,2019-10-05T14:48:19,,
com.zerodha.kite,com.zerodha.kite,Finance,edde2390-fe00-49f3-a4e7-8f3accfd9e28,A Google user,5,,Good,0,2.1.17,2019-10-05T14:20:49,,
com.zerodha.kite,com.zerodha.kite,Finance,9f4f77f2-6b1b-477c-ad69-140e31ca8179,A Google user,1,,Very Bad,0,2.1.17,2019-10-05T13:39:33,,
com.zerodha.kite,com.zerodha.kite,Finance,87ec79ad-2c86-458d-a64c-1e6bc892e8bd,A Google user,5,,Safe,0,2.1.16,2019-10-05T13:37:45,,
com.zerodha.kite,com.zerodha.kite,Finance,e1a55185-17c2-4df9-a5de-dffb4c4cba1c,A Google user,3,,Good,0,2.1.18,2019-10-05T12:53:49,,
com.zerodha.kite,com.zerodha.kite,Finance,67ee48df-66fd-4f0b-8305-efd664e41884,A Google user,4,,Good,0,2.1.17,2019-10-05T10:40:21,,
com.zerodha.kite,com.zerodha.kite,Finance,a001ee04-f395-48c7-8b02-d9184bd565c2,A Google user,4,,Good,0,2.1.17,2019-10-05T04:45:40,,
com.zerodha.kite,com.zerodha.kite,Finance,935616dc-eb0b-48d2-b861-4c5469874abb,A Google user,5,,Nice,0,2.1.17,2019-10-04T23:32:41,,
com.zerodha.kite,com.zerodha.kite,Finance,2d1602ba-b4e8-4422-9f61-3f5c13b8da52,A Google user,5,,Veri gud aep thi,0,2.1.17,2019-10-04T23:01:13,,
com.zerodha.kite,com.zerodha.kite,Finance,4cbdb069-26bc-4c0a-9b99-2e40ee32f2a2,A Google user,5,,excellent,0,2.1.15,2019-10-04T22:34:58,,
com.zerodha.kite,com.zerodha.kite,Finance,aa17e5b1-e531-4251-a245-3c4ec058ed2b,A Google user,5,,Good,0,2.1.17,2019-10-04T22:00:29,,
com.zerodha.kite,com.zerodha.kite,Finance,75245843-797f-4a89-a208-4cb75fe95d40,A Google user,5,,Good,0,2.1.17,2019-10-04T21:44:22,,
com.zerodha.kite,com.zerodha.kite,Finance,b527007a-adec-4dda-a9c9-5895901969c0,A Google user,5,,Good,0,2.1.17,2019-10-04T21:23:16,,
com.zerodha.kite,com.zerodha.kite,Finance,69b78918-5ac6-498f-ab79-1735ff928b56,A Google user,5,,Awesome Experience,0,,2019-10-04T21:05:50,,
com.zerodha.kite,com.zerodha.kite,Finance,9db065de-9b21-404e-a283-5b79aa3c647e,A Google user,1,,Daily update,0,2.1.17,2019-10-04T19:42:43,,
com.zerodha.kite,com.zerodha.kite,Finance,24627c6a-8e43-4389-b356-30f0a4ea8a75,A Google user,5,,👍,0,,2019-10-04T19:00:25,,
com.zerodha.kite,com.zerodha.kite,Finance,258a3fc9-758b-4a36-84ff-0a939a55277b,A Google user,3,,Good,0,2.1.17,2019-10-04T18:45:11,,
com.zerodha.kite,com.zerodha.kite,Finance,9818f43e-5121-4a7f-8e5e-ede95e3e516e,A Google user,3,,Good but should be there some support.,0,2.1.17,2019-10-04T18:24:41,,
com.zerodha.kite,com.zerodha.kite,Finance,571451e0-d0a7-478e-a1f4-6ecea276d1b3,A Google user,4,,Good trading app,0,2.1.17,2019-10-04T17:58:30,,
com.zerodha.kite,com.zerodha.kite,Finance,072139ba-321b-4a66-9775-3da61a9fc22b,A Google user,5,,Fine,0,2.1.17,2019-10-04T17:57:37,,
com.zerodha.kite,com.zerodha.kite,Finance,9d4f4e50-a49c-462d-a775-08818ed05098,A Google user,4,,1year,0,2.1.18,2019-10-04T17:49:47,,
com.zerodha.kite,com.zerodha.kite,Finance,fd54f3fe-bbe2-4d4b-ad78-0b7b983f4c00,A Google user,4,,Nice app for treating,0,2.1.15,2019-10-04T17:46:13,,
com.zerodha.kite,com.zerodha.kite,Finance,73ac544f-2d8e-4d79-afec-b9a2ef09977c,A Google user,5,,Good,0,2.1.17,2019-10-04T17:37:14,,
com.zerodha.kite,com.zerodha.kite,Finance,7aac72a8-3d9e-4666-a22f-a434e88521a6,A Google user,5,,Very gud app,0,2.1.17,2019-10-04T14:56:26,,
com.zerodha.kite,com.zerodha.kite,Finance,06e0d6ff-2477-4a7d-8636-b730ce8c2a9d,A Google user,5,,Very nice,0,2.1.18,2019-10-04T14:13:08,,
com.zerodha.kite,com.zerodha.kite,Finance,5be33682-4e71-45d4-9c5b-500486879449,A Google user,4,,Verry good,0,2.1.17,2019-10-04T14:07:47,,
com.zerodha.kite,com.zerodha.kite,Finance,075f4058-0cd8-42c2-951a-17207fbea522,A Google user,5,,Good,0,2.1.17,2019-10-04T14:05:37,,
com.zerodha.kite,com.zerodha.kite,Finance,9f35f4bb-dcdf-4d90-a1c5-13c2f1aad89a,A Google user,5,,Superb and very simple app,0,2.1.16,2019-10-04T14:02:59,,
com.zerodha.kite,com.zerodha.kite,Finance,8d0f57f0-dba0-4100-86b7-bf4c9a20f3d3,A Google user,3,,Nice,0,2.1.17,2019-10-04T13:55:43,,
com.zerodha.kite,com.zerodha.kite,Finance,5aa8e0b7-4e1d-4347-b6c6-3d4c6adf0acf,A Google user,5,,Nice app,0,2.1.17,2019-10-04T13:54:58,,
com.zerodha.kite,com.zerodha.kite,Finance,b1fe3c9e-7f77-44b2-acf0-6abb3e5d34d8,A Google user,5,,Good,0,2.1.17,2019-10-04T13:46:30,,
com.zerodha.kite,com.zerodha.kite,Finance,6bd5dbaa-1e8f-4bcb-9290-d077d084a706,A Google user,1,,I lost around 2lack due to it was stuck,0,2.1.17,2019-10-04T13:42:28,,
com.zerodha.kite,com.zerodha.kite,Finance,27f9ad0e-4112-4283-a0a9-e63534a8978c,A Google user,1,,I hate message to upgrade the app. Stop it. I don't want to upgrade. My mobile doesn't support new version.,0,2.1.18,2019-10-04T13:38:39,,
com.zerodha.kite,com.zerodha.kite,Finance,8ca369fe-ee8a-4cad-bf91-68d3d0e590a8,A Google user,5,,Nice to use this,0,2.1.17,2019-10-04T13:28:37,,
com.zerodha.kite,com.zerodha.kite,Finance,1361e1a5-658e-4cd2-95be-49718b82aa6e,A Google user,3,,Good,0,2.1.18,2019-10-04T12:26:42,,
com.zerodha.kite,com.zerodha.kite,Finance,a4a9773c-8e9b-4b12-ae41-232bd6d8a634,A Google user,5,,Why force to use Kite 3. This old app is so easy to use and user-friendly interface.,2,2.1.18,2019-10-04T12:15:17,,
com.zerodha.kite,com.zerodha.kite,Finance,42427fd6-af7d-43bb-a8a9-7681f7ff1f23,A Google user,5,,Very good,0,2.1.17,2019-10-04T12:05:11,,
com.zerodha.kite,com.zerodha.kite,Finance,cb76bd74-78cf-442b-addc-4fde82bda12b,A Google user,5,,Good,0,2.1.17,2019-10-04T11:59:18,,
com.zerodha.kite,com.zerodha.kite,Finance,a61d04e4-d39c-4e19-a49c-98752654856d,A Google user,5,,Good,0,2.1.17,2019-10-04T11:29:59,,
com.zerodha.kite,com.zerodha.kite,Finance,a081c7cf-c58b-42a4-ab46-d96a024b1a7a,A Google user,5,,Very good,0,2.1.15,2019-10-04T11:03:28,,
com.zerodha.kite,com.zerodha.kite,Finance,0ff6ed8f-b902-4634-a0a1-e63819643ae3,A Google user,5,,Good,0,2.1.17,2019-10-04T10:40:35,,
com.zerodha.kite,com.zerodha.kite,Finance,a79c45b3-ec13-4b7e-bd1f-caf7163670bd,A Google user,5,,Fine,0,2.1.18,2019-10-04T10:32:13,,
com.zerodha.kite,com.zerodha.kite,Finance,4ba09f67-ba05-421d-8827-35444ddb286b,A Google user,2,,Kite old is much user friendly and convenient than kite 3 new.,0,2.1.17,2019-10-04T10:27:20,,
com.zerodha.kite,com.zerodha.kite,Finance,e1e7df47-cbfb-4228-aae3-92d5eb4bdcaa,A Google user,1,,new one us very poor Aap ...more complicated,0,2.0.2,2019-10-04T09:57:14,,
com.zerodha.kite,com.zerodha.kite,Finance,ee8368c5-8ba3-48ed-9298-c79b52763bf1,A Google user,2,,Wow,0,2.1.17,2019-10-04T09:52:20,,
com.zerodha.kite,com.zerodha.kite,Finance,743d0b81-23d1-4e54-b16b-2e15051b0372,A Google user,1,,Please allow to use old version as it irs,0,2.1.17,2019-10-04T09:47:20,,
com.zerodha.kite,com.zerodha.kite,Finance,d72287fe-e498-4088-a3fc-0b40811c2cdd,A Google user,5,,Good,0,2.1.17,2019-10-04T09:44:54,,
com.zerodha.kite,com.zerodha.kite,Finance,ad8099ed-4dca-46d2-806e-705c13ae7cc5,A Google user,5,,It us great and user friendly,0,2.1.18,2019-10-04T09:27:20,,
com.zerodha.kite,com.zerodha.kite,Finance,a7d6efcf-0a32-4191-93ca-f2693bbe87e1,A Google user,4,,Good,0,2.1.17,2019-10-04T09:25:52,,
com.zerodha.kite,com.zerodha.kite,Finance,eb733ce1-2088-4386-9437-99f8ea5fd381,A Google user,4,,Good,0,2.1.18,2019-10-04T09:19:37,,
com.zerodha.kite,com.zerodha.kite,Finance,9ac2bba8-2100-4b11-946e-da2e3e59a4b2,A Google user,5,,Good,0,2.1.17,2019-10-04T09:19:12,,
com.zerodha.kite,com.zerodha.kite,Finance,ca1194ad-d1bf-4d68-86f7-02adb38c1ae6,A Google user,5,,Nice,0,2.1.17,2019-10-04T09:13:50,,
com.zerodha.kite,com.zerodha.kite,Finance,a7f7cd39-afb3-4576-a303-071bf6720b96,A Google user,1,,i am using kite but its really irritational on many times..really unexpected from it.,0,2.1.17,2019-10-04T09:12:30,,
com.zerodha.kite,com.zerodha.kite,Finance,48b5a6ff-934b-42d4-a4e3-51c9b5798668,A Google user,3,,Avg...,0,2.1.18,2019-10-04T09:07:16,,
com.zerodha.kite,com.zerodha.kite,Finance,c20df343-c694-40ee-aabc-7547586ee938,A Google user,4,,I like this version far better than new kite app in terms of trading intraday & placing quick orders along with user friendly interface,104,2.1.18,2019-10-04T09:05:52,,
com.zerodha.kite,com.zerodha.kite,Finance,065e7a83-d1a8-4c9f-8cfa-ae202d97c581,A Google user,5,,Good app,0,2.1.17,2019-10-04T09:05:51,,
com.zerodha.kite,com.zerodha.kite,Finance,7c303a7d-b783-4b4e-8d00-de78216197df,A Google user,5,,Best,0,2.1.17,2019-10-04T09:05:37,,
com.zerodha.kite,com.zerodha.kite,Finance,0b0e6ea7-6fe6-4a93-9607-6d2027489248,A Google user,5,,Good,0,2.1.18,2019-10-04T09:05:33,,
com.zerodha.kite,com.zerodha.kite,Finance,9e01b157-befe-47e0-a6b4-2e9fbefe39bc,A Google user,5,,Good,0,2.1.17,2019-10-04T09:02:37,,
com.zerodha.kite,com.zerodha.kite,Finance,ea7b6c0f-589e-4ba8-b381-3038431cc311,A Google user,5,,Nice,0,2.1.17,2019-10-04T08:58:42,,
com.zerodha.kite,com.zerodha.kite,Finance,b528b5a0-32ed-4fb4-bacd-6ca7738a30dc,A Google user,5,,Nice,0,,2019-10-04T08:56:02,,
com.zerodha.kite,com.zerodha.kite,Finance,95f424b8-269b-4e5c-a149-f8772d7c4ba4,A Google user,5,,Good,0,2.1.17,2019-10-04T08:42:30,,
com.zerodha.kite,com.zerodha.kite,Finance,bf057c2f-1c13-4771-8de9-f6df53a97ba6,A Google user,1,,Not compatible with my mobile devise what use can it then be ?,0,2.1.17,2019-10-04T08:38:00,,
com.zerodha.kite,com.zerodha.kite,Finance,1d5ed6ad-16bd-4111-afb8-6e17fa40cdb5,A Google user,3,,Should be all in position page,0,2.1.17,2019-10-04T08:33:58,,
com.zerodha.kite,com.zerodha.kite,Finance,2beaa05e-a631-46e5-8d73-c172589d0ed8,A Google user,5,,Very good,0,2.1.17,2019-10-04T08:20:10,,
com.zerodha.kite,com.zerodha.kite,Finance,e052224f-793d-4322-bcf3-8aa48766c532,A Google user,4,,Good,0,2.1.17,2019-10-04T07:55:30,,
com.zerodha.kite,com.zerodha.kite,Finance,643b39a8-869e-4442-b37a-75cf19d8cf97,A Google user,5,,Good,0,2.1.17,2019-10-04T07:52:38,,
com.zerodha.kite,com.zerodha.kite,Finance,55c98254-f579-4531-bdf9-cd5c689e332f,A Google user,5,,Super,0,2.1.17,2019-10-04T07:49:05,,
com.zerodha.kite,com.zerodha.kite,Finance,149cdbed-0d63-4de8-b5f9-6609b6bf66f8,A Google user,5,,Good app,0,2.1.17,2019-10-04T07:36:17,,
com.zerodha.kite,com.zerodha.kite,Finance,69d3a747-1b19-4536-a71a-6ee433961c1e,A Google user,5,,"Request to developer, please keep this version too,coz it is so easy and user-friendly than new version. If you remove this i will close my dmat account. I am not so comfortable in new version. It's all specifications are excellent than new.",21,2.1.18,2019-10-04T06:40:09,,
com.zerodha.kite,com.zerodha.kite,Finance,b2b7e342-4820-4cc1-b8cc-409b8afe1aa5,A Google user,4,,Ya journey is good,0,2.1.18,2019-10-04T04:07:40,,
com.zerodha.kite,com.zerodha.kite,Finance,7d6dd829-e30f-4bd0-a6cd-85ae149d8750,A Google user,5,,Goodone,0,2.1.18,2019-10-04T03:16:17,,
com.zerodha.kite,com.zerodha.kite,Finance,6f0e5e39-5cc3-4f6a-83cf-28a1985938b7,A Google user,5,,I want to use this old app i don't want to upgrade,0,2.1.17,2019-10-04T03:08:08,,
com.zerodha.kite,com.zerodha.kite,Finance,aa6374a9-46c2-4509-86aa-be39d98f6d53,A Google user,5,,Nice,0,2.1.17,2019-10-04T01:04:33,,
com.zerodha.kite,com.zerodha.kite,Finance,9e866981-c6ee-461f-af71-9e9528a98434,A Google user,5,,Good,0,2.1.17,2019-10-04T00:29:35,,
com.zerodha.kite,com.zerodha.kite,Finance,2bef6f84-5711-47c9-970d-482b4f8ab408,A Google user,5,,Very well,0,2.1.17,2019-10-03T23:52:18,,
com.zerodha.kite,com.zerodha.kite,Finance,02aba3e7-885b-46cd-9187-017e21acd7bb,A Google user,5,,Excellent,0,,2019-10-03T23:35:39,,
com.zerodha.kite,com.zerodha.kite,Finance,16a5b42a-8561-4658-a444-4615e32e1aa7,A Google user,5,,Best app for trading in stock market....,0,2.1.17,2019-10-03T23:27:37,,
com.zerodha.kite,com.zerodha.kite,Finance,3010e5e1-fccd-45af-89a7-59503fdaef30,A Google user,4,,Good,0,2.1.17,2019-10-03T23:11:03,,
com.zerodha.kite,com.zerodha.kite,Finance,3ff71c4f-c9ff-41da-bc34-58907d7a978b,A Google user,4,,"Compare to new version this Version loads chart quite faster, but UI has to improve. But using this version is better than new one. Because loading chart quickly is more important.",11,2.1.18,2019-10-03T21:57:16,,
com.zerodha.kite,com.zerodha.kite,Finance,fdde7ef3-167e-4451-82d0-e261e4ab4387,A Google user,5,,"Best platform for Trading.. Easy to Use, Minimum Brokrage, Best Service.😊",6,2.1.18,2019-10-03T21:56:12,,
com.zerodha.kite,com.zerodha.kite,Finance,cfba274f-8499-43bc-a066-5e8154328a3f,A Google user,5,,Very user-friendly.,0,2.1.17,2019-10-03T21:51:05,,
com.zerodha.kite,com.zerodha.kite,Finance,a0cdf350-e233-4b9c-860e-d56498f791e3,A Google user,5,,Old app is better than new,0,2.1.17,2019-10-03T20:47:52,,
com.zerodha.kite,com.zerodha.kite,Finance,fb688865-fd63-4874-ba87-5b790a442eae,A Google user,5,,Really good helpful as well,0,2.1.18,2019-10-03T20:43:55,,
com.zerodha.kite,com.zerodha.kite,Finance,ba8806d6-25d4-4320-ae31-3e4ba91ef78d,A Google user,5,,Star,0,2.1.15,2019-10-03T20:30:49,,
com.zerodha.kite,com.zerodha.kite,Finance,5dbfeee3-5b44-45d8-8692-57c07d961397,A Google user,5,,Better than new kite..,0,,2019-10-03T20:15:41,,
com.zerodha.kite,com.zerodha.kite,Finance,f21b11f0-5bdd-442c-9cbe-ac4690d1b7df,A Google user,5,,Excellent,0,2.1.17,2019-10-03T19:56:20,,
com.zerodha.kite,com.zerodha.kite,Finance,0d8dec4b-20aa-44e2-878c-69b8afe76d4d,A Google user,5,,Easy To Used & Simple Design but Kite 3.0 not Much better,0,2.1.17,2019-10-03T19:56:14,,
com.zerodha.kite,com.zerodha.kite,Finance,b3edd6ff-78eb-4711-9af5-e6ce0f2bcec0,A Google user,4,,Good one,0,2.1.17,2019-10-03T19:40:04,,
com.zerodha.kite,com.zerodha.kite,Finance,8388826a-fe79-44a0-ac2a-31fcb8e4c47c,A Google user,5,,best sotwear,0,2.1.17,2019-10-03T19:34:27,,
com.zerodha.kite,com.zerodha.kite,Finance,9940c26a-da01-45cb-8c27-83acba1ee6ae,A Google user,2,,"Too bad experience with update, I have repetadly update it in version 3, but again it run in older version.",2,2.1.18,2019-10-03T18:49:06,,
com.zerodha.kite,com.zerodha.kite,Finance,b178036c-6301-4cdd-8c66-f1454863fe0d,A Google user,4,,Niceapp,0,2.1.17,2019-10-03T18:45:20,,
com.zerodha.kite,com.zerodha.kite,Finance,333ecac0-6467-4902-8e52-7578f5457bff,A Google user,5,,Good,0,2.1.18,2019-10-03T18:31:26,,
com.zerodha.kite,com.zerodha.kite,Finance,8e878a78-30c8-4db6-8508-610b0cd631c8,A Google user,5,,Good,0,2.1.16,2019-10-03T18:30:35,,
com.zerodha.kite,com.zerodha.kite,Finance,327dc7e1-b502-44aa-8134-76e43e1b0cbb,A Google user,4,,Good,0,2.1.15,2019-10-03T18:13:57,,
com.zerodha.kite,com.zerodha.kite,Finance,b78174db-ac6d-409f-b694-b3ecbc73ef56,A Google user,5,,Good,0,2.1.17,2019-10-03T18:04:45,,
com.zerodha.kite,com.zerodha.kite,Finance,fc3c5e70-9076-4b50-9db9-725bfc925156,A Google user,1,,"This old app was much better , please do not disable it.",0,2.1.17,2019-10-03T17:49:19,,
com.zerodha.kite,com.zerodha.kite,Finance,4937a3e3-8db9-430d-9722-8ae47695ea6f,A Google user,5,,New version is best,0,2.1.18,2019-10-03T17:26:47,,
com.zerodha.kite,com.zerodha.kite,Finance,722f9a97-4447-4980-be47-6e830c3e6fee,A Google user,1,,"Very bad, old is Gold Am decided to change Zerodha for ths app",0,2.1.17,2019-10-03T17:11:32,,
com.zerodha.kite,com.zerodha.kite,Finance,8ab29803-f19b-4a89-b859-9491f360d7c4,A Google user,5,,Excellent,0,2.1.17,2019-10-03T17:04:22,,
com.zerodha.kite,com.zerodha.kite,Finance,4ef10395-20aa-493b-98cc-b96e98d78387,A Google user,1,,bad update,0,2.1.17,2019-10-03T16:21:02,,
com.zerodha.kite,com.zerodha.kite,Finance,4033dc88-a4f6-403d-ba67-5ac5ded87f68,A Google user,5,,So and so intraday brokerage so high,0,2.1.18,2019-10-03T16:00:09,,
com.zerodha.kite,com.zerodha.kite,Finance,baf5e509-ea67-4cd7-8285-18f89048df35,A Google user,5,,Best,0,2.1.15,2019-10-03T09:22:20,,
com.zerodha.kite,com.zerodha.kite,Finance,4d671746-3f30-4267-ae84-14bd78a51720,A Google user,4,,Good,0,2.1.17,2019-10-03T08:33:13,,
com.zerodha.kite,com.zerodha.kite,Finance,9e2f9291-109a-45b0-83df-bc6de2405c6d,A Google user,5,,Excellent,0,2.1.15,2019-10-02T20:51:10,,
com.zerodha.kite,com.zerodha.kite,Finance,2817659f-8461-4275-8b41-cf392b838408,A Google user,5,,This version is User friendly and best version everything us just perfect but the new version is pathetic and non acceptable. Replace interface of new version with this one or keep both version active else need to go to try othet broker.,5,2.1.18,2019-10-02T20:32:16,,
com.zerodha.kite,com.zerodha.kite,Finance,165790cb-b5be-4e4c-bf57-406a4105c22a,A Google user,3,,"This platform is uncertain and lacks fast response on high volatility time(s), which becomes more important in such time(s).",45,2.1.18,2019-10-02T20:01:32,,
com.zerodha.kite,com.zerodha.kite,Finance,fd8edcec-c032-4830-9000-12c88a928e3c,A Google user,5,,User friendly,0,2.1.16,2019-10-02T17:47:55,,
com.zerodha.kite,com.zerodha.kite,Finance,d0bde12d-76d5-4339-b331-6e5389e92467,A Google user,5,,Ok,0,2.1.15,2019-10-02T16:17:52,,
com.zerodha.kite,com.zerodha.kite,Finance,06d20365-7466-4921-be2c-23aaf20956c3,A Google user,4,,Thanks It's great to see update,1,2.1.17,2019-10-02T14:53:28,,
com.zerodha.kite,com.zerodha.kite,Finance,5901f432-074e-4bd9-8ee1-0992680d8b6f,A Google user,5,,Life changing app,0,2.1.16,2019-10-02T13:56:58,,
com.zerodha.kite,com.zerodha.kite,Finance,be56998b-2fd8-4abf-a0a7-7c1d92c708f2,A Google user,4,,pleaseold app continue & no message add for upgrade,3,2.1.18,2019-10-02T06:22:28,,
com.zerodha.kite,com.zerodha.kite,Finance,6e4a5872-3d38-43f9-bb67-2ab525285a4b,A Google user,5,,Good,0,2.1.17,2019-10-02T01:02:00,,
com.zerodha.kite,com.zerodha.kite,Finance,d8f7cee4-8e8f-45c5-8415-8e0560a1fb26,A Google user,5,,Fast and easy,0,,2019-10-01T23:26:38,,
com.zerodha.kite,com.zerodha.kite,Finance,7e05cfd4-262a-4e7e-932a-f2130203d21e,A Google user,1,,Good,0,2.1.17,2019-10-01T12:08:15,,
com.zerodha.kite,com.zerodha.kite,Finance,620790b0-19d7-4ce7-b781-e8104ae6292a,A Google user,4,,it's still complicated for newbies...I only use kite on desktop.,0,2.1.17,2019-10-01T11:41:45,,
com.zerodha.kite,com.zerodha.kite,Finance,f53a4aae-2c46-48fc-8212-b5c375eaed4f,A Google user,5,,very nice,0,,2019-10-01T09:59:17,,
com.zerodha.kite,com.zerodha.kite,Finance,e2e39399-2cd7-4e98-9889-805d34d1e888,A Google user,5,,App is easy to use and very convenient,0,2.1.16,2019-10-01T09:39:54,,
com.zerodha.kite,com.zerodha.kite,Finance,3653b6ca-e8cd-41b8-a50e-14626c415936,A Google user,4,,Easi to use,0,2.1.17,2019-10-01T08:42:29,,
com.zerodha.kite,com.zerodha.kite,Finance,a1d1b821-f43b-4265-bbf6-e4e2cb9f30b4,A Google user,5,,Nice One,0,2.1.17,2019-10-01T00:38:11,,
com.zerodha.kite,com.zerodha.kite,Finance,455ec54c-ca56-47b7-8ef5-7d91819d0eb8,A Google user,1,,Poor performance,0,2.1.17,2019-09-30T21:13:15,,
com.zerodha.kite,com.zerodha.kite,Finance,1fe4f116-98d3-4e85-9c8c-ba4c33a0f19f,A Google user,5,,Nice aap,0,2.1.15,2019-09-30T18:02:55,,
com.zerodha.kite,com.zerodha.kite,Finance,86a600c3-7580-43da-a829-5aa45aca82b3,A Google user,3,,Average,0,2.1.15,2019-09-30T18:00:41,,
com.zerodha.kite,com.zerodha.kite,Finance,0fab3986-8eaa-48b4-94ed-5fddbfe9d7e3,A Google user,5,,Excellent,0,2.1.15,2019-09-30T17:59:56,,
com.zerodha.kite,com.zerodha.kite,Finance,8fabb3da-1547-4ff8-a00e-61c5e9f195b2,A Google user,5,,Good,0,2.1.15,2019-09-30T13:12:01,,
com.zerodha.kite,com.zerodha.kite,Finance,581e351e-2149-404a-8858-a7527a1665ce,A Google user,4,,Good,0,2.1.15,2019-09-29T15:13:46,,
com.zerodha.kite,com.zerodha.kite,Finance,70c5199b-3c79-4250-b99b-e1d624202da5,A Google user,5,,Great,0,2.1.17,2019-09-29T09:59:43,,
com.zerodha.kite,com.zerodha.kite,Finance,ec7a7f08-27dc-4fad-832a-cef17d23ae19,A Google user,5,,Super,0,2.1.16,2019-09-28T21:41:12,,
com.zerodha.kite,com.zerodha.kite,Finance,e0c1d034-8e7a-4045-a46a-81137a0148ba,A Google user,5,,Good,0,2.1.16,2019-09-28T12:32:38,,
com.zerodha.kite,com.zerodha.kite,Finance,0a61652b-763f-4199-b974-1e37f439133a,A Google user,2,,The biggest challenge with this app is that you cannot know how is your stock doing today? You also cannot sort on any parameters.,0,2.1.15,2019-09-28T11:19:44,,
com.zerodha.kite,com.zerodha.kite,Finance,23318ec6-0dd3-4285-90c2-86c65e6603ad,A Google user,5,,Excellent,0,2.1.16,2019-09-28T10:47:52,,
com.zerodha.kite,com.zerodha.kite,Finance,0705fed9-f79d-4886-8111-715237398661,A Google user,5,,best app,0,2.1.15,2019-09-27T10:41:46,,
com.zerodha.kite,com.zerodha.kite,Finance,d671ff00-0d4a-47dc-9dd2-758639c269e2,A Google user,5,,Good,0,2.1.17,2019-09-26T22:02:49,,
com.zerodha.kite,com.zerodha.kite,Finance,330dd22e-6f1c-4ff6-945d-cc40fcaa87f8,A Google user,4,,nice,0,2.1.16,2019-09-26T20:15:18,,
com.zerodha.kite,com.zerodha.kite,Finance,f9bc8aae-95fe-41c4-8aeb-952f5ee890f0,A Google user,3,,Old one was good,0,2.1.16,2019-09-26T15:42:32,,
com.zerodha.kite,com.zerodha.kite,Finance,28581a49-33b8-4d6d-9a61-e89f8651ba5d,A Google user,4,,Good,0,2.1.16,2019-09-26T14:10:56,,
com.zerodha.kite,com.zerodha.kite,Finance,2e250f9c-7e66-4b98-9e07-bfc2d414724d,A Google user,5,,Nice,0,2.1.15,2019-09-26T12:16:02,,
com.zerodha.kite,com.zerodha.kite,Finance,8b214373-d76c-45d6-9bcc-ba0ea8b8eae5,A Google user,5,,Best app,0,2.1.16,2019-09-26T11:08:45,,
com.zerodha.kite,com.zerodha.kite,Finance,7390a05f-60d8-4789-b307-15f8cddc8f4b,A Google user,5,,This is the best app for tradeing,0,2.1.17,2019-09-26T11:04:42,,
com.zerodha.kite,com.zerodha.kite,Finance,8a29289b-51af-484d-b3b9-56aaa47ee068,A Google user,5,,Nice,0,2.1.15,2019-09-25T15:59:17,,
com.zerodha.kite,com.zerodha.kite,Finance,8fa3a828-a693-4168-b931-6fd82b8705ae,A Google user,5,,Good,0,2.1.16,2019-09-25T12:49:32,,
com.zerodha.kite,com.zerodha.kite,Finance,7173952c-dc03-4c6c-a4c1-15d575af178f,A Google user,5,,Good,0,2.1.15,2019-09-25T10:19:43,,
com.zerodha.kite,com.zerodha.kite,Finance,fb391884-c57a-4878-b5c3-afbdcd01bfab,A Google user,4,,Good,0,2.1.16,2019-09-24T23:16:46,,
com.zerodha.kite,com.zerodha.kite,Finance,ff36cc29-d85e-4ef8-a8e9-a42e5bc363e6,A Google user,3,,Good,0,2.1.17,2019-09-24T19:34:07,,
com.zerodha.kite,com.zerodha.kite,Finance,b0c280a8-aac7-405e-9273-293f8d21993a,A Google user,5,,nice,0,2.1.15,2019-09-24T11:00:18,,
com.zerodha.kite,com.zerodha.kite,Finance,b6c4593e-6dd5-41b9-b405-7a57f28ef483,A Google user,4,,It was great experience,0,2.1.10,2019-09-24T10:54:07,,
com.zerodha.kite,com.zerodha.kite,Finance,1ce73f94-d10d-45d2-af64-5c2d5baeb0fe,A Google user,1,,Pls help my phone not support new verson .old verson october se delete honge what cn i du,0,2.1.17,2019-09-24T01:10:34,,
com.zerodha.kite,com.zerodha.kite,Finance,875dbbcd-d15f-4d61-a858-22baaa85d7fb,A Google user,5,,Best 👍,0,2.1.16,2019-09-23T17:29:21,,
com.zerodha.kite,com.zerodha.kite,Finance,f4cb9dd6-2de2-47ee-ab3b-30f9d3a04ba2,A Google user,5,,Superb app,0,2.1.16,2019-09-23T17:20:12,,
com.zerodha.kite,com.zerodha.kite,Finance,425cc15d-9cad-4101-91d4-086b09b7bbb1,A Google user,2,,Great,0,2.1.17,2019-09-23T17:11:02,,
com.zerodha.kite,com.zerodha.kite,Finance,b54011cd-4549-4884-9486-a91bbc6c5867,A Google user,5,,Nice work but some time problem,0,2.1.15,2019-09-23T17:04:23,,
com.zerodha.kite,com.zerodha.kite,Finance,7453cfae-6dc4-4130-ab19-fc2b4686b5b3,A Google user,1,,Worst app. I have recently closed my Zerodha account due to login and live chart loading issue. Don't open your account with Zerodha otherwise you will lose your hard-earned money due to Zerodha's technical issues.,0,,2019-09-23T17:02:16,,
com.zerodha.kite,com.zerodha.kite,Finance,38951069-548d-4657-bc38-f1bd1196e16f,A Google user,5,,awsm app for trading,0,2.1.17,2019-09-23T14:44:36,,
com.zerodha.kite,com.zerodha.kite,Finance,23388dba-072e-4829-ac0a-c767caf9aa84,A Google user,5,,Excellent app for trading and simple to understand.. Love this application.,0,2.1.15,2019-09-23T14:41:02,,
com.zerodha.kite,com.zerodha.kite,Finance,c7f623c3-020c-48c9-8467-69622fa121b0,A Google user,1,,I am not able to login from today morning i don't know why its showing invalid password but i am using the same password what should i do plz help ungently,0,2.1.17,2019-09-23T13:34:26,,
com.zerodha.kite,com.zerodha.kite,Finance,fd0bb4a0-f2c2-4d21-b766-d83da184e4ec,A Google user,4,,Ok,0,2.1.12,2019-09-23T12:27:04,,
com.zerodha.kite,com.zerodha.kite,Finance,5050b036-dda8-4953-a137-83cfaafb2b50,A Google user,5,,👍,0,2.1.15,2019-09-23T11:50:39,,
com.zerodha.kite,com.zerodha.kite,Finance,adba2c60-b99f-42d9-8d81-10d611fe0cd0,A Google user,5,,Good app,0,2.1.15,2019-09-23T09:50:39,,
com.zerodha.kite,com.zerodha.kite,Finance,2747fa2e-0b8f-42f7-b9e7-8558df4f673c,A Google user,5,,Awesome,0,2.1.17,2019-09-23T06:11:42,,
com.zerodha.kite,com.zerodha.kite,Finance,bb57e9d8-caa3-4cb1-9a63-44d444eeaf44,A Google user,4,,Good,0,2.1.17,2019-09-22T20:46:07,,
com.zerodha.kite,com.zerodha.kite,Finance,6dae4e6a-43f5-4ddc-bdd0-eafd7ebc8215,A Google user,1,,Worst update ever... Old was best..,0,2.1.17,2019-09-22T15:28:46,,
com.zerodha.kite,com.zerodha.kite,Finance,0d31a864-0bbd-43ad-9d4a-e7a41632ff98,A Google user,4,,It's GUI is user friendly,0,2.1.15,2019-09-22T14:20:37,,
com.zerodha.kite,com.zerodha.kite,Finance,018e9a05-aa05-4b11-9aa2-437bb3a29bb4,A Google user,5,,Nice,0,2.1.16,2019-09-22T13:30:22,,
com.zerodha.kite,com.zerodha.kite,Finance,a1e5eede-5efa-4365-82a8-71fb0b5dec96,A Google user,5,,Ok,0,2.1.9,2019-09-22T08:34:14,,
com.zerodha.kite,com.zerodha.kite,Finance,031f7c31-d8c8-4b2d-bf32-1d94cf6480b2,A Google user,3,,Not good,0,2.1.16,2019-09-21T20:28:46,,
com.zerodha.kite,com.zerodha.kite,Finance,bf954313-5e9c-4370-8a33-fa58e13d4366,A Google user,5,,Super,0,2.1.15,2019-09-21T15:36:09,,
com.zerodha.kite,com.zerodha.kite,Finance,8c9c4e0d-5fa7-4cac-93c5-5cb8af941d6d,A Google user,5,,It is very good user frendle,0,2.1.15,2019-09-21T12:30:35,,
com.zerodha.kite,com.zerodha.kite,Finance,210fd260-64c3-4bcf-8b81-c4e5335e5cc8,A Google user,1,,Searching put and call problem How to search explain me,0,2.1.17,2019-09-21T10:05:48,,
com.zerodha.kite,com.zerodha.kite,Finance,f782973a-9f70-43f0-81a0-1b3b6035acd7,A Google user,1,,Not user friendly app,0,2.1.15,2019-09-21T06:21:48,,
com.zerodha.kite,com.zerodha.kite,Finance,8c9aa8f6-125a-48c2-aa9d-81e2b241e8e9,A Google user,2,,Bad,0,2.1.16,2019-09-20T22:50:48,,
com.zerodha.kite,com.zerodha.kite,Finance,2c9d7a75-053d-4907-877d-eeb10131a298,A Google user,5,,Best app,0,2.1.15,2019-09-20T22:11:42,,
com.zerodha.kite,com.zerodha.kite,Finance,618342aa-e42e-4974-9454-bbe75fc00255,A Google user,5,,excellent,0,2.1.15,2019-09-20T20:14:05,,
com.zerodha.kite,com.zerodha.kite,Finance,e9c53bf8-a68d-4709-96b1-2c311786748a,A Google user,5,,Good,0,2.1.15,2019-09-20T14:25:47,,
com.zerodha.kite,com.zerodha.kite,Finance,0b6a80ef-965e-4a1b-a74a-a324a1383c8b,A Google user,5,,Good,0,2.1.15,2019-09-20T13:50:41,,
com.zerodha.kite,com.zerodha.kite,Finance,7782983d-747a-483f-bea1-2442bbcc09e4,A Google user,5,,Best,0,2.1.15,2019-09-20T13:32:05,,
com.zerodha.kite,com.zerodha.kite,Finance,f9fdaec4-3ba0-4d0c-a127-ffcffa5fa276,A Google user,4,,Good,0,2.1.16,2019-09-20T13:15:25,,
com.zerodha.kite,com.zerodha.kite,Finance,1557365d-0625-4d30-b71e-61d9178d53d9,A Google user,5,,Good good,0,2.1.17,2019-09-20T12:41:27,,
com.zerodha.kite,com.zerodha.kite,Finance,a5d58473-06d9-44d3-987c-402b28b48e4c,A Google user,5,,Good,0,2.1.16,2019-09-20T12:29:16,,
com.zerodha.kite,com.zerodha.kite,Finance,23ef4b1e-3231-4ae5-8d8a-955f00e6a062,A Google user,5,,Good,0,2.1.15,2019-09-20T12:11:43,,
com.zerodha.kite,com.zerodha.kite,Finance,c56c748f-c724-43ff-a07f-1b298c9135af,A Google user,5,,Great,0,2.1.16,2019-09-20T11:36:53,,
com.zerodha.kite,com.zerodha.kite,Finance,9ddd6227-a3f9-4702-865e-80113cc7db76,A Google user,2,,Very slow,0,2.1.17,2019-09-20T11:02:54,,
com.zerodha.kite,com.zerodha.kite,Finance,971652ac-2726-45aa-8c7f-a6ab37b5327d,A Google user,5,,Good app,0,2.1.15,2019-09-20T10:21:57,,
com.zerodha.kite,com.zerodha.kite,Finance,5bc5e98c-1e36-4938-bcfa-13d6e983d6d5,A Google user,5,,Good,0,2.1.15,2019-09-20T10:06:21,,
com.zerodha.kite,com.zerodha.kite,Finance,9cfdca1d-d172-4324-a75f-a9c8a9d50ac0,A Google user,5,,This app is absolutely easy and smooth to trade on.,0,2.1.15,2019-09-19T19:52:50,,
com.zerodha.kite,com.zerodha.kite,Finance,dcaab556-1a0a-4e68-912f-70e0283076ae,A Google user,3,,Getting a technical issues while trading. Please solve this kind of issues.,0,2.1.15,2019-09-19T19:50:57,,
com.zerodha.kite,com.zerodha.kite,Finance,7582373e-d56b-49b8-9f8b-014d583e0a47,A Google user,3,,Good,0,2.1.15,2019-09-19T18:39:24,,
com.zerodha.kite,com.zerodha.kite,Finance,ae73d19e-f051-45d0-a847-597bb4e6f2ba,A Google user,5,,"This App annoys me to login. First it asks for password then it will ask to 
fill 2fa answers several times despite you enter correct answers. It takes 
5 to 10 minutes to login to the App. Stop annoying people in the name of 
security. Learn from other secure apps how to provide security without 
annoying users",4,2.1.16,2019-09-19T15:18:11,,
com.zerodha.kite,com.zerodha.kite,Finance,8a260ea4-f0b7-4b0b-b57a-b8e46e0025b9,A Google user,5,,Good,0,2.1.16,2019-09-19T14:07:44,,
com.zerodha.kite,com.zerodha.kite,Finance,922e3f3b-ee8e-486b-b1b7-0af8623b4d6f,A Google user,5,,oji,0,2.1.15,2019-09-19T13:41:15,,
com.zerodha.kite,com.zerodha.kite,Finance,95341490-a93b-4c90-b5cd-6c156730d64e,A Google user,4,,Good But not excellent,0,2.1.17,2019-09-19T11:02:11,,
com.zerodha.kite,com.zerodha.kite,Finance,b961db43-0353-419a-a32d-8d535caaa083,A Google user,5,,Lags sometimes but omay,0,2.1.15,2019-09-19T10:42:59,,
com.zerodha.kite,com.zerodha.kite,Finance,466119ec-f8a0-444b-8503-3b5c3fafd6f6,A Google user,3,,Ok,0,,2019-09-19T10:27:03,,
com.zerodha.kite,com.zerodha.kite,Finance,bbd92e99-7014-43c7-86a6-f640eaccf44e,A Google user,4,,Very good,0,2.1.15,2019-09-18T17:30:59,,
